Pos,ID,Name,BV,SV,Team,3_xMins,3_Pts,4_xMins,4_Pts,5_xMins,5_Pts,6_xMins,6_Pts,7_xMins,7_Pts,8_xMins,8_Pts,9_xMins,9_Pts,10_xMins,10_Pts,Elite%
M,1,Fábio Vieira,5.4,5.4,Arsenal,0,0.00,4,0.23,7,0.38,9,0.67,9,0.70,10,0.61,9,0.56,11,0.63,0.00
F,2,G.Jesus,6.8,6.8,Arsenal,1,0.10,30,1.84,33,1.59,35,2.85,35,2.94,35,2.29,35,2.15,37,2.30,0.00
D,3,Gabriel,6.0,6.0,Arsenal,88,4.26,86,3.19,83,2.40,81,4.75,81,4.74,80,3.64,78,3.06,77,3.08,0.45
F,4,Havertz,8.1,8.1,Arsenal,90,5.50,84,4.23,81,3.09,80,5.62,79,5.85,79,4.23,78,4.14,78,4.14,0.01
G,5,Hein,4.0,4.0,Arsenal,0,0.00,0,0.00,0,0.00,0,0.00,0,0.00,0,0.00,0,0.00,0,0.00,0.00
D,6,J.Timber,5.5,5.5,Arsenal,58,2.85,50,1.91,48,1.49,48,2.78,45,2.60,46,2.12,46,1.80,45,1.84,0.00
M,7,Jorginho,4.9,4.9,Arsenal,22,0.93,19,0.79,20,0.77,23,1.05,21,0.96,21,0.88,22,0.88,23,0.94,0.00
D,8,Kiwior,4.9,4.9,Arsenal,5,0.23,5,0.18,5,0.17,7,0.33,7,0.33,6,0.27,6,0.22,8,0.30,0.00
M,9,Martinelli,7.0,7.0,Arsenal,51,3.58,43,2.58,43,2.04,41,3.28,44,3.58,43,2.69,43,2.54,43,2.63,0.00
M,10,Nelson,5.0,5.0,Arsenal,6,0.45,3,0.26,6,0.32,8,0.58,8,0.59,7,0.45,8,0.48,7,0.47,0.00
F,11,Nketiah,5.9,5.9,Nott'm Forest,30,1.84,31,1.23,36,1.64,35,1.91,35,1.52,35,1.79,35,1.85,35,1.91,0.00
M,12,Nwaneri,4.5,4.5,Arsenal,11,0.56,7,0.40,8,0.38,9,0.50,10,0.57,10,0.51,9,0.46,10,0.49,0.00
M,13,Ødegaard,8.5,8.5,Arsenal,90,5.45,88,4.44,88,3.45,84,6.12,84,6.26,84,4.70,84,4.53,85,4.61,0.03
G,14,Ramsdale,4.4,4.4,Arsenal,1,0.05,3,0.12,4,0.14,4,0.20,5,0.24,5,0.22,5,0.21,6,0.23,0.00
G,15,Raya,5.5,5.5,Arsenal,94,4.03,92,3.53,91,3.36,91,4.35,90,4.22,90,3.74,89,3.46,89,3.47,0.09
M,16,Rice,6.5,6.5,Arsenal,88,3.44,86,2.91,83,2.36,81,3.63,80,3.62,79,2.93,79,2.76,77,2.79,0.00
M,17,Saka,10.0,10.0,Arsenal,87,6.79,86,5.30,84,4.04,80,7.45,78,7.45,80,5.41,80,5.32,80,5.35,0.90
D,18,Saliba,6.0,6.0,Arsenal,91,4.02,88,2.98,86,2.35,85,4.49,85,4.42,84,3.44,84,2.98,81,2.92,0.08
M,19,Smith Rowe,5.6,5.6,Fulham,75,3.79,71,3.55,69,3.35,67,3.08,65,2.25,65,2.96,66,3.11,63,3.29,0.19
M,20,Thomas,5.0,5.0,Arsenal,55,2.13,39,1.41,39,1.28,37,1.67,36,1.64,37,1.44,37,1.39,34,1.31,0.00
D,21,Tierney,4.4,4.4,Arsenal,0,0.00,0,0.00,0,0.00,1,0.08,1,0.08,1,0.07,0,0.00,1,0.06,0.00
D,22,Tomiyasu,4.9,4.9,Arsenal,2,0.08,5,0.20,8,0.28,12,0.61,16,0.90,18,0.82,24,0.98,26,1.08,0.00
M,23,Trossard,6.9,6.9,Arsenal,58,3.85,52,2.96,50,2.30,51,4.13,49,3.99,48,3.08,48,2.89,48,3.01,0.00
D,24,White,6.5,6.5,Arsenal,86,4.02,82,2.96,78,2.24,75,4.19,76,4.16,74,3.26,74,2.77,75,2.87,0.00
D,25,Zinchenko,5.0,5.0,Arsenal,20,1.03,16,0.69,14,0.54,14,0.79,15,0.86,14,0.70,14,0.63,13,0.59,0.00
D,26,Alex Moreno,4.4,4.4,Aston Villa,54,2.50,73,1.49,72,2.06,71,3.13,70,1.57,68,2.80,69,2.78,68,2.75,0.00
F,27,Archer,5.0,5.0,Southampton,33,1.72,34,1.72,33,2.06,34,1.67,33,1.33,34,2.04,34,1.33,35,1.98,0.00
M,28,Bailey,6.5,6.5,Aston Villa,74,4.24,73,4.58,69,4.37,67,4.03,66,3.81,64,3.40,66,3.97,64,3.01,0.00
M,29,Barkley,5.4,5.4,Aston Villa,13,0.71,12,0.73,11,0.65,11,0.63,12,0.69,12,0.64,13,0.78,15,0.70,0.00
M,30,Barrenechea,5.0,5.0,Aston Villa,5,0.17,4,0.17,3,0.11,3,0.11,3,0.11,3,0.10,3,0.11,4,0.13,0.00
M,31,Buendia,5.4,5.4,Aston Villa,7,0.48,8,0.57,7,0.55,9,0.60,9,0.60,10,0.61,10,0.67,11,0.58,0.00
D,32,Cash,4.5,4.5,Aston Villa,0,0.00,28,1.47,53,2.69,61,2.84,59,2.48,61,2.48,59,2.69,60,1.75,0.00
M,33,Dendoncker,4.5,4.5,Aston Villa,6,0.31,5,0.25,3,0.19,4,0.20,4,0.20,4,0.20,5,0.26,4,0.22,0.00
M,34,Diaby,6.5,6.5,Aston Villa,0,0.00,0,0.00,0,0.00,0,0.00,0,0.00,0,0.00,0,0.00,0,0.00,0.00
D,35,Diego Carlos,4.5,4.5,Aston Villa,31,1.29,30,1.44,26,1.18,23,0.95,25,0.92,24,0.85,23,0.99,26,0.68,0.00
D,36,Digne,4.5,4.5,Aston Villa,70,3.36,57,3.16,48,2.52,49,2.44,48,2.14,45,1.96,48,2.32,50,1.57,0.00
M,37,Dobbin,5.0,5.0,Aston Villa,0,0.00,0,0.00,0,0.00,0,0.00,0,0.00,0,0.00,0,0.00,0,0.00,0.00
F,38,Duran,6.0,6.0,Aston Villa,28,1.76,28,1.95,28,1.92,29,1.96,30,1.84,30,1.74,31,1.96,30,1.59,0.00
G,39,Gauci,4.0,4.0,Aston Villa,0,0.00,0,0.00,0,0.00,0,0.00,0,0.00,0,0.00,0,0.00,0,0.00,0.00
D,40,Hause,4.0,4.0,Aston Villa,0,0.00,0,0.00,0,0.00,0,0.00,0,0.00,0,0.00,0,0.00,0,0.00,0.00
M,41,Iling Jr,5.4,5.4,Aston Villa,7,0.45,7,0.46,6,0.42,8,0.51,7,0.47,9,0.52,10,0.64,10,0.55,0.00
M,42,Kamara,5.0,5.0,Aston Villa,0,0.00,30,1.02,60,1.93,68,2.08,67,2.00,65,1.93,66,2.05,65,1.77,0.00
D,43,Kesler-Hayden,4.0,4.0,Aston Villa,0,0.00,0,0.00,0,0.00,0,0.00,0,0.00,0,0.00,0,0.00,0,0.00,0.00
D,44,Konsa,4.5,4.5,Aston Villa,90,3.58,87,4.05,85,3.67,85,3.40,82,2.93,82,2.92,82,3.32,82,1.97,0.60
D,45,Maatsen,5.0,5.0,Aston Villa,31,1.43,42,2.27,50,2.57,49,2.35,49,2.12,51,2.15,48,2.31,47,1.44,0.00
G,46,Marschall,4.0,4.0,Aston Villa,0,0.00,0,0.00,0,0.00,0,0.00,0,0.00,0,0.00,0,0.00,0,0.00,0.00
G,47,Martinez,5.0,5.0,Aston Villa,94,3.84,93,4.05,92,3.85,92,3.74,91,3.43,92,3.59,92,3.68,91,3.15,0.00
M,48,McGinn,5.5,5.5,Aston Villa,82,3.41,79,3.56,77,3.54,76,3.47,74,3.18,74,2.94,74,3.33,75,2.68,0.00
D,49,Mings,4.5,4.5,Aston Villa,0,0.00,9,0.38,17,0.72,23,0.95,25,0.93,26,0.94,25,1.04,24,0.64,0.00
D,50,Nedeljkovic,4.0,4.0,Aston Villa,68,2.92,47,2.32,28,1.33,22,0.96,24,0.95,24,0.96,24,1.06,24,0.73,0.00
G,51,Olsen,4.5,4.5,Aston Villa,0,0.00,2,0.09,3,0.14,2,0.09,4,0.15,3,0.13,3,0.13,4,0.13,0.00
D,52,Pau,4.5,4.5,Aston Villa,85,3.32,77,3.58,70,3.10,66,2.62,67,2.33,65,2.29,65,2.59,65,1.57,0.00
M,53,Ramsey,5.5,5.5,Aston Villa,31,1.67,33,1.90,30,1.76,32,1.77,32,1.74,32,1.62,31,1.71,33,1.54,0.00
M,54,Rogers,5.1,5.1,Aston Villa,76,3.85,74,4.13,73,4.07,70,3.79,69,3.53,70,3.32,67,3.59,68,2.86,0.32
G,55,Sinisalo,4.0,4.0,Aston Villa,0,0.00,0,0.00,0,0.00,0,0.00,0,0.00,0,0.00,0,0.00,0,0.00,0.00
D,56,Sousa,4.0,4.0,Aston Villa,0,0.00,0,0.00,0,0.00,0,0.00,0,0.00,0,0.00,0,0.00,0,0.00,0.00
M,57,Tielemans,5.5,5.5,Aston Villa,61,2.81,61,2.98,57,2.85,56,2.64,57,2.59,56,2.39,56,2.65,55,2.13,0.00
F,58,Watkins,9.0,9.0,Aston Villa,86,5.25,84,5.53,81,5.39,80,5.14,79,4.79,80,4.31,78,4.99,80,3.98,0.00
D,59,Aarons,4.5,4.5,Bournemouth,21,0.78,22,0.72,26,0.55,28,1.29,29,1.14,29,0.77,30,0.85,30,0.75,0.00
M,60,Adams,5.0,5.0,Bournemouth,0,0.00,0,0.00,0,0.00,0,0.00,0,0.00,0,0.00,0,0.00,17,0.50,0.00
M,61,Anthony,4.5,4.5,Bournemouth,2,0.19,3,0.21,2,0.14,2,0.19,4,0.27,4,0.25,5,0.32,5,0.33,0.00
M,62,Brooks,4.9,4.9,Bournemouth,0,0.00,3,0.19,5,0.31,7,0.50,7,0.45,7,0.39,8,0.48,9,0.46,0.00
M,63,Christie,5.0,5.0,Bournemouth,49,1.92,48,1.88,47,1.53,48,2.11,50,1.95,46,1.55,48,1.67,44,1.47,0.00
M,64,Cook,5.0,5.0,Bournemouth,88,2.59,84,2.42,81,2.05,80,2.78,79,2.39,75,1.98,76,2.04,72,1.88,0.00
F,65,Enes Ünal,5.4,5.4,Bournemouth,0,0.00,15,0.97,35,1.67,41,2.94,41,2.55,44,2.07,43,2.13,42,1.90,0.00
M,66,Faivre,5.0,5.0,Bournemouth,0,0.00,0,0.00,0,0.00,0,0.00,0,0.00,0,0.00,0,0.00,0,0.00,0.00
M,67,H.Traorè,4.5,4.5,Bournemouth,7,0.44,8,0.49,7,0.40,7,0.50,7,0.47,8,0.45,10,0.53,9,0.45,0.00
D,68,Hill,4.0,4.0,Bournemouth,0,0.00,0,0.00,1,0.02,1,0.05,2,0.05,2,0.05,2,0.04,2,0.04,0.00
F,69,Jebbison,4.5,4.5,Bournemouth,4,0.33,3,0.28,2,0.15,2,0.15,2,0.18,2,0.17,2,0.16,2,0.13,0.01
D,70,Kerkez,4.5,4.5,Bournemouth,76,2.79,74,2.19,71,1.26,70,3.22,68,2.60,68,1.66,67,1.77,68,1.56,0.00
M,71,Kluivert,5.4,5.4,Bournemouth,50,2.66,47,2.60,43,1.90,45,2.92,43,2.41,46,1.98,43,1.99,41,1.82,0.00
D,72,Mepham,4.5,4.5,Bournemouth,1,0.03,3,0.08,4,0.07,5,0.17,5,0.14,6,0.13,7,0.16,7,0.16,0.00
G,73,Neto,4.5,4.5,Bournemouth,90,3.38,88,2.95,86,2.75,86,3.43,86,3.29,83,2.67,84,2.88,83,2.61,0.00
M,74,O.Dango,5.0,5.0,Bournemouth,38,1.94,39,2.00,38,1.57,38,2.31,39,2.00,39,1.62,38,1.68,40,1.64,0.00
G,75,Paulsen,4.0,4.0,Bournemouth,0,0.00,0,0.00,0,0.00,0,0.00,0,0.00,0,0.00,0,0.00,0,0.00,0.01
M,76,Philip,4.9,4.9,Bournemouth,21,1.05,24,1.19,26,1.03,24,1.36,27,1.31,28,1.13,28,1.16,27,1.11,0.00
M,77,Scott,5.0,5.0,Bournemouth,64,2.37,62,2.29,62,1.91,62,2.63,61,2.31,60,1.90,59,1.96,55,1.78,0.00
M,78,Semenyo,5.5,5.5,Bournemouth,67,3.33,64,3.24,63,2.44,61,3.67,60,3.07,59,2.35,59,2.49,59,2.32,0.00
D,79,Senesi,4.9,4.9,Bournemouth,85,2.86,82,2.24,79,1.19,78,3.34,78,2.82,76,1.68,75,1.83,75,1.53,0.00
M,80,Sinisterra,5.0,5.0,Bournemouth,46,2.39,44,2.36,43,1.78,42,2.56,43,2.25,43,1.79,42,1.86,40,1.70,0.00
D,81,Smith,4.5,4.5,Bournemouth,42,1.50,43,1.25,42,0.79,41,1.73,42,1.56,41,1.04,41,1.09,41,0.97,0.00
F,82,Solanke,7.5,7.5,Spurs,24,1.43,52,2.49,76,5.20,73,3.92,74,3.95,73,5.07,71,3.75,73,4.31,0.03
M,83,Tavernier,5.5,5.5,Bournemouth,61,3.02,59,2.91,58,2.28,58,3.43,57,2.86,58,2.35,56,2.38,55,2.24,0.00
G,84,Travers,4.5,4.5,Bournemouth,5,0.18,7,0.23,9,0.29,8,0.34,9,0.34,12,0.37,11,0.38,12,0.38,0.00
D,85,Zabarnyi,4.5,4.5,Bournemouth,85,2.57,86,2.00,83,1.06,81,2.98,81,2.55,80,1.62,78,1.67,77,1.40,0.00
D,86,Ajer,4.5,4.5,Brentford,68,2.81,53,0.88,37,0.83,28,1.01,32,1.29,31,0.81,33,1.43,31,1.02,0.00
M,87,Brierley,4.5,4.5,Brentford,0,0.00,0,0.00,0,0.00,0,0.00,0,0.00,0,0.00,0,0.00,0,0.00,0.00
D,88,Collins,4.5,4.5,Brentford,70,2.83,65,0.92,59,1.06,58,1.91,57,2.14,54,1.17,56,2.29,56,1.58,0.00
M,89,Damsgaard,5.0,5.0,Brentford,46,2.25,44,1.46,42,1.62,42,1.94,44,2.03,43,1.65,43,2.14,42,1.72,0.00
M,90,Dasilva,4.9,4.9,Brentford,0,0.00,0,0.00,0,0.00,0,0.00,0,0.00,5,0.23,12,0.64,13,0.60,0.00
G,91,Flekken,4.5,4.5,Brentford,94,3.74,93,3.04,93,3.05,93,3.41,91,3.62,91,3.11,91,3.74,91,3.29,0.24
D,92,Henry,4.4,4.4,Brentford,0,0.00,34,0.58,68,1.37,76,2.75,75,3.02,75,1.80,73,3.25,73,2.28,0.00
D,93,Hickey,4.5,4.5,Brentford,0,0.00,31,0.51,62,1.18,74,2.50,73,2.80,71,1.61,71,3.02,71,2.11,0.00
M,94,Janelt,5.0,5.0,Brentford,75,2.73,72,1.85,67,1.98,66,2.29,66,2.35,67,1.99,66,2.52,65,2.07,0.00
M,95,Jensen,5.5,5.5,Brentford,73,3.12,67,1.93,64,2.11,63,2.48,61,2.48,62,2.15,61,2.66,62,2.19,0.00
D,96,Ji-soo,4.0,4.0,Brentford,0,0.00,0,0.00,0,0.00,0,0.00,0,0.00,0,0.00,0,0.00,0,0.00,0.00
M,97,Konak,4.5,4.5,Brentford,0,0.00,0,0.00,0,0.00,0,0.00,0,0.00,0,0.00,0,0.00,0,0.00,0.00
M,98,Lewis-Potter,5.0,5.0,Brentford,49,2.50,35,1.30,24,1.15,21,1.22,21,1.26,21,1.05,21,1.30,22,1.15,0.00
M,99,Mbeumo,7.0,7.0,Brentford,86,6.01,81,2.80,79,3.47,77,4.65,76,4.69,76,3.56,73,5.02,75,3.75,0.00
D,100,Mee,4.5,4.5,Brentford,35,1.58,47,0.80,58,1.21,56,2.04,58,2.36,58,1.43,56,2.56,57,1.82,0.00
M,101,Nørgaard,5.0,5.0,Brentford,85,3.02,79,1.92,76,2.07,75,2.47,73,2.47,74,2.07,70,2.56,71,2.13,0.00
M,102,Onyeka,5.0,5.0,Brentford,25,1.14,24,0.87,27,1.00,26,1.11,29,1.22,27,1.02,26,1.22,27,1.04,0.00
M,103,Peart-Harris,4.5,4.5,Brentford,0,0.00,0,0.00,0,0.00,0,0.00,0,0.00,0,0.00,0,0.00,0,0.00,0.00
D,104,Pinnock,4.5,4.5,Brentford,89,3.58,83,1.18,79,1.44,78,2.62,77,2.94,76,1.69,76,3.23,75,2.25,0.00
D,105,Roerslev,4.5,4.5,Brentford,65,2.88,42,0.84,19,0.53,15,0.58,13,0.57,15,0.47,15,0.68,14,0.48,0.00
M,106,Schade,5.5,5.5,Brentford,42,2.54,30,1.21,31,1.42,32,1.76,32,1.82,31,1.44,33,2.01,31,1.53,0.00
F,107,Thiago,5.9,5.9,Brentford,0,0.00,0,0.00,0,0.00,0,0.00,0,0.00,0,0.00,0,0.00,0,0.00,0.00
F,108,Toney,7.3,7.3,Brentford,11,0.76,52,1.85,51,2.29,50,3.01,49,2.92,51,2.40,50,3.40,49,2.43,0.00
G,109,Valdimarsson,4.0,4.0,Brentford,1,0.05,2,0.07,2,0.07,2,0.09,3,0.12,3,0.11,3,0.13,4,0.15,0.45
F,110,Wissa,6.1,6.1,Brentford,70,4.12,52,1.84,52,2.27,51,2.74,52,2.87,51,2.26,52,3.10,52,2.45,0.00
M,111,Yarmoliuk,4.5,4.5,Brentford,9,0.48,9,0.39,10,0.44,12,0.52,12,0.53,10,0.45,10,0.51,10,0.44,0.00
D,112,Zanka,4.5,4.5,Brentford,0,0.00,0,0.00,0,0.00,0,0.00,0,0.00,0,0.00,0,0.00,0,0.00,0.00
M,113,Adingra,5.5,5.5,Brighton,19,0.88,19,1.22,17,1.05,18,0.95,17,1.01,19,1.04,19,1.21,20,0.99,0.00
M,114,Baker-Boaitey,4.5,4.5,Brighton,0,0.00,0,0.00,0,0.00,0,0.00,0,0.00,0,0.00,0,0.00,0,0.00,0.00
M,115,Baleba,5.0,5.0,Brighton,52,1.45,62,2.27,59,2.06,59,1.71,57,1.85,57,1.72,57,1.99,57,1.60,0.00
D,116,Barco,4.0,4.0,Brighton,0,0.00,0,0.00,0,0.00,0,0.00,0,0.00,0,0.00,0,0.00,0,0.00,0.38
M,117,Buonanotte,5.0,5.0,Leicester,42,1.72,41,1.62,42,1.92,41,1.40,42,1.83,40,1.72,43,1.95,40,1.81,0.00
M,118,Cozier-Duberry,4.5,4.5,Brighton,0,0.00,0,0.00,0,0.00,0,0.00,0,0.00,0,0.00,0,0.00,0,0.00,0.00
M,119,Dahoud,4.9,4.9,Brighton,0,0.00,0,0.00,0,0.00,0,0.00,0,0.00,0,0.00,1,0.09,0,0.00,0.00
D,120,Dunk,4.5,4.5,Brighton,92,1.63,88,4.54,87,3.85,88,1.95,87,2.71,86,2.31,86,3.87,85,1.51,0.31
M,121,Enciso,5.4,5.4,Brighton,14,0.67,15,1.02,13,0.84,16,0.83,15,0.89,15,0.82,17,1.08,16,0.79,0.00
D,122,Estupiñan,5.0,5.0,Brighton,23,0.62,68,3.92,63,3.20,64,1.81,62,2.35,61,2.00,61,3.17,61,1.42,0.00
F,123,Ferguson,5.5,5.5,Brighton,7,0.35,22,1.58,23,1.61,23,1.25,23,1.50,22,1.33,24,1.69,24,1.27,0.00
M,124,Gilmour,5.0,5.0,Brighton,25,0.87,21,0.94,24,1.02,26,0.95,25,0.98,28,1.04,29,1.21,26,0.92,0.00
M,125,Gross,6.5,6.5,Brighton,0,0.00,0,0.00,0,0.00,0,0.00,0,0.00,0,0.00,0,0.00,0,0.00,0.00
M,126,Hinshelwood,5.0,5.0,Brighton,50,1.47,27,1.20,26,1.11,27,0.96,29,1.13,29,1.06,30,1.27,30,1.00,0.00
M,127,I.Osman,5.0,5.0,Brighton,0,0.00,0,0.00,0,0.00,0,0.00,0,0.00,0,0.00,0,0.00,0,0.00,0.00
D,128,Igor,4.4,4.4,Brighton,10,0.23,9,0.36,12,0.44,11,0.28,12,0.36,12,0.35,13,0.50,13,0.29,0.00
F,129,João Pedro,5.5,5.5,Brighton,74,3.06,72,5.09,70,4.67,70,3.59,67,4.07,67,3.66,66,4.46,66,3.09,0.49
M,130,Kozlowski,4.5,4.5,Brighton,0,0.00,0,0.00,0,0.00,0,0.00,0,0.00,0,0.00,0,0.00,0,0.00,0.00
D,131,Lamptey,4.5,4.5,Brighton,13,0.39,8,0.47,8,0.42,9,0.33,8,0.36,9,0.37,11,0.48,10,0.32,0.00
M,132,March,6.5,6.5,Brighton,0,0.00,10,0.66,23,1.50,25,1.28,26,1.48,28,1.47,27,1.72,26,1.24,0.00
M,133,Mazilu,4.5,4.5,Brighton,0,0.00,0,0.00,0,0.00,0,0.00,0,0.00,0,0.00,0,0.00,0,0.00,0.00
M,134,Milner,5.0,5.0,Brighton,28,1.01,23,1.05,24,1.04,25,0.96,25,1.02,26,1.02,28,1.19,26,0.94,0.00
M,135,Minteh,5.5,5.5,Brighton,74,2.75,69,4.26,66,4.05,64,2.89,65,3.50,61,3.04,61,3.75,59,2.50,0.05
M,136,Mitoma,6.6,6.6,Brighton,82,2.80,78,4.45,77,4.18,76,3.08,74,3.58,74,3.30,73,4.01,73,2.71,0.00
M,137,Moder,4.5,4.5,Brighton,3,0.19,3,0.20,3,0.20,3,0.21,3,0.23,4,0.24,4,0.27,4,0.26,0.00
F,138,O’Mahony,4.5,4.5,Brighton,1,0.10,0,0.00,1,0.08,1,0.08,2,0.11,2,0.11,2,0.12,2,0.14,0.00
D,139,Offiah,4.0,4.0,Brighton,0,0.00,0,0.00,0,0.00,0,0.00,0,0.00,0,0.00,0,0.00,0,0.00,0.00
M,140,Peupion,4.5,4.5,Brighton,0,0.00,0,0.00,0,0.00,0,0.00,0,0.00,0,0.00,0,0.00,0,0.00,0.00
M,141,Sarmiento,4.9,4.9,Brighton,2,0.13,2,0.19,2,0.17,3,0.22,3,0.25,4,0.28,4,0.29,3,0.23,0.00
G,142,Steele,4.5,4.5,Brighton,78,2.57,27,1.15,28,1.13,29,1.00,28,0.97,30,1.07,30,1.27,33,1.10,0.00
F,143,Undav,5.5,5.5,Brighton,0,0.00,0,0.00,0,0.00,0,0.00,0,0.00,0,0.00,0,0.00,0,0.00,0.00
D,144,Van Hecke,4.5,4.5,Brighton,91,1.48,87,4.02,84,3.36,84,1.71,82,2.31,80,1.93,81,3.37,82,1.31,0.00
D,145,Veltman,4.5,4.5,Brighton,68,1.29,58,2.84,52,2.21,50,1.22,51,1.57,48,1.32,49,2.14,49,0.97,0.00
G,146,Verbruggen,4.5,4.5,Brighton,16,0.50,68,2.94,67,2.70,66,2.25,67,2.31,65,2.25,64,2.58,62,2.04,0.00
D,147,Webster,4.5,4.5,Brighton,9,0.22,14,0.61,14,0.60,14,0.39,16,0.52,17,0.52,14,0.62,17,0.41,0.00
F,148,Welbeck,5.6,5.6,Brighton,49,2.00,34,2.31,29,1.94,28,1.48,28,1.74,29,1.67,29,1.94,29,1.44,0.00
M,149,Wieffer,5.0,5.0,Brighton,87,2.19,84,3.12,79,2.80,79,2.21,77,2.44,76,2.27,74,2.58,75,2.03,0.00
M,150,Andrey Santos,4.5,4.5,Chelsea,0,0.00,0,0.00,0,0.00,0,0.00,0,0.00,0,0.00,0,0.00,0,0.00,0.00
M,151,Ângelo,4.5,4.5,Chelsea,0,0.00,0,0.00,0,0.00,0,0.00,0,0.00,0,0.00,0,0.00,0,0.00,0.00
G,152,Arrizabalaga,4.5,4.5,Chelsea,0,0.00,0,0.00,0,0.00,0,0.00,0,0.00,0,0.00,0,0.00,0,0.00,0.00
D,153,B.Badiashile,4.5,4.5,Chelsea,27,1.14,28,0.96,31,1.09,32,1.27,33,1.51,33,0.73,33,1.22,31,1.01,0.00
G,154,Bergström,4.0,4.0,Chelsea,0,0.00,0,0.00,0,0.00,0,0.00,0,0.00,0,0.00,0,0.00,0,0.00,0.00
G,155,Bettinelli,4.0,4.0,Chelsea,0,0.00,0,0.00,0,0.00,0,0.00,0,0.00,0,0.00,0,0.00,0,0.00,0.00
F,156,Broja,5.5,5.5,Chelsea,0,0.00,0,0.00,0,0.00,1,0.11,1,0.12,1,0.13,1,0.14,1,0.11,0.00
M,157,Caicedo,5.0,5.0,Chelsea,69,2.16,64,1.86,61,1.82,62,1.95,62,2.05,59,1.56,59,1.85,60,1.70,0.00
M,158,Casadei,4.5,4.5,Chelsea,0,0.00,0,0.00,0,0.00,0,0.00,0,0.00,1,0.09,1,0.09,1,0.11,0.00
D,159,Chalobah,4.5,4.5,Chelsea,20,0.78,17,0.55,19,0.64,19,0.68,19,0.77,20,0.43,20,0.72,22,0.66,0.00
D,160,Chilwell,4.9,4.9,Chelsea,9,0.46,5,0.22,8,0.37,9,0.42,9,0.48,10,0.32,10,0.47,11,0.45,0.00
M,161,Chukwuemeka,4.9,4.9,Chelsea,5,0.32,3,0.24,5,0.35,6,0.40,7,0.45,8,0.41,7,0.43,9,0.46,0.00
D,162,Colwill,4.5,4.5,Chelsea,72,2.94,71,2.26,68,2.27,67,2.49,62,2.70,65,1.32,64,2.28,66,1.95,0.00
D,163,Cucurella,5.0,5.0,Chelsea,84,3.61,81,2.70,79,2.80,77,3.09,77,3.63,75,1.55,72,2.76,72,2.17,0.00
F,164,D.D.Fofana,5.4,5.4,Chelsea,0,0.00,0,0.00,0,0.00,0,0.00,0,0.00,0,0.00,0,0.00,0,0.00,0.00
F,165,Deivid,5.0,5.0,Chelsea,0,0.00,0,0.00,0,0.00,0,0.00,0,0.00,0,0.00,0,0.00,0,0.00,0.00
M,166,Dewsbury-Hall,5.9,5.9,Chelsea,23,1.09,19,0.88,23,1.06,23,1.12,24,1.25,25,0.98,27,1.29,25,1.06,0.00
D,167,Disasi,4.4,4.4,Chelsea,13,0.49,14,0.44,15,0.52,15,0.57,18,0.79,19,0.42,21,0.76,19,0.56,0.00
M,168,Enzo,5.0,5.0,Chelsea,85,3.36,85,2.94,83,3.02,83,3.21,81,3.50,81,2.44,82,3.31,81,2.79,0.00
M,169,Gallagher,5.9,5.9,Chelsea,0,0.00,0,0.00,0,0.00,0,0.00,0,0.00,0,0.00,0,0.00,0,0.00,0.00
D,170,Gilchrist,4.0,4.0,Chelsea,0,0.00,0,0.00,0,0.00,0,0.00,0,0.00,0,0.00,0,0.00,0,0.00,0.00
D,171,Gusto,5.0,5.0,Chelsea,82,3.70,55,2.03,43,1.68,35,1.50,36,1.76,35,0.91,38,1.59,37,1.30,0.00
D,172,James,5.0,5.0,Chelsea,0,0.00,40,1.84,49,2.32,59,3.11,57,3.52,57,1.71,57,2.93,57,2.34,0.00
M,173,Kellyman,4.5,4.5,Chelsea,0,0.00,0,0.00,0,0.00,0,0.00,0,0.00,0,0.00,0,0.00,0,0.00,0.00
M,174,Lavia,4.5,4.5,Chelsea,37,1.26,50,1.59,48,1.56,47,1.59,48,1.69,49,1.42,50,1.66,46,1.44,0.00
F,175,Lukaku,6.3,6.3,Chelsea,0,0.00,0,0.00,0,0.00,0,0.00,0,0.00,0,0.00,0,0.00,0,0.00,0.00
D,176,M.Sarr,4.5,4.5,Chelsea,0,0.00,0,0.00,0,0.00,0,0.00,0,0.00,0,0.00,0,0.00,0,0.00,0.00
M,177,Madueke,6.5,6.5,Chelsea,41,2.48,36,2.02,36,2.08,26,1.63,25,1.71,25,1.28,27,1.73,26,1.45,0.00
F,178,Marc Guiu,5.0,5.0,Chelsea,3,0.26,3,0.22,3,0.24,4,0.32,5,0.41,4,0.31,5,0.40,5,0.36,0.00
M,179,Mudryk,6.4,6.4,Chelsea,32,1.99,23,1.41,22,1.38,25,1.61,26,1.77,26,1.30,26,1.68,27,1.49,0.00
F,180,N.Jackson,7.6,7.6,Chelsea,66,3.94,49,2.81,49,2.90,47,2.90,49,3.29,48,2.30,46,3.00,47,2.52,0.00
M,181,Nkunku,6.4,6.4,Chelsea,31,2.30,40,2.62,43,2.83,49,3.47,48,3.75,47,2.44,47,3.47,48,2.90,0.86
M,182,Palmer,10.5,10.5,Chelsea,88,7.04,85,5.85,83,5.80,82,6.45,78,6.83,80,4.29,78,6.35,79,5.09,0.00
G,183,Petrović,4.4,4.4,Chelsea,0,0.00,0,0.00,0,0.00,0,0.00,0,0.00,0,0.00,0,0.00,1,0.04,0.00
M,184,Renato Veiga,4.5,4.5,Chelsea,0,0.00,0,0.00,0,0.00,1,0.06,2,0.09,1,0.07,2,0.11,1,0.07,0.00
G,185,Sánchez,4.5,4.5,Chelsea,93,3.66,91,3.29,89,3.25,86,3.25,84,3.40,83,2.74,82,3.04,82,2.89,0.00
M,186,Sterling,6.9,6.9,Chelsea,22,1.37,18,1.26,20,1.36,20,1.28,22,1.38,21,1.19,20,1.29,18,0.99,0.00
D,187,Tosin,4.4,4.4,Chelsea,12,0.46,13,0.41,16,0.52,16,0.59,17,0.71,18,0.38,18,0.63,19,0.56,0.00
M,188,Ugochukwu,4.5,4.5,Southampton,57,1.69,66,1.91,63,2.06,64,1.78,61,1.56,63,2.00,63,1.55,62,1.92,0.00
D,189,W.Fofana,4.5,4.5,Chelsea,69,2.73,66,2.05,62,1.99,61,2.24,60,2.54,56,1.08,56,1.93,55,1.56,0.00
M,190,Ahamada,4.5,4.5,Crystal Palace,3,0.13,2,0.14,3,0.16,4,0.20,4,0.20,5,0.23,4,0.23,4,0.23,0.00
D,191,Andersen,4.5,4.5,Crystal Palace,76,2.58,71,2.22,74,2.10,70,2.05,69,0.86,70,2.04,71,2.21,68,2.49,0.01
M,192,J.Ayew,5.4,5.4,Leicester,39,1.87,37,1.71,38,2.07,38,1.42,38,2.03,38,1.91,34,1.84,37,1.90,0.00
M,193,C.Doucouré,4.9,4.9,Crystal Palace,34,1.16,35,1.39,37,1.33,36,1.31,35,1.18,36,1.27,38,1.33,35,1.25,0.00
D,194,C.Richards,4.5,4.5,Crystal Palace,83,1.71,82,3.41,80,2.61,78,2.75,77,1.81,77,2.53,80,2.24,76,2.61,0.00
D,195,Chadi Riad,4.5,4.5,Crystal Palace,64,1.39,63,2.64,64,2.11,60,2.14,63,1.54,61,2.05,60,1.74,59,2.06,0.00
D,196,Clyne,4.5,4.5,Crystal Palace,22,0.60,27,1.18,29,1.02,30,1.12,32,0.87,30,1.06,31,1.00,32,1.20,0.00
M,197,Ebiowei,4.5,4.5,Crystal Palace,0,0.00,0,0.00,0,0.00,0,0.00,0,0.00,0,0.00,0,0.00,0,0.00,0.00
F,198,Edouard,5.5,5.5,Crystal Palace,43,1.95,42,2.49,39,2.18,40,2.14,40,1.97,41,2.16,43,2.27,43,2.25,0.00
M,199,Eze,7.0,7.0,Crystal Palace,82,4.11,79,5.34,77,4.74,76,4.34,76,4.05,74,4.28,75,4.44,77,4.32,0.73
D,200,Guéhi,4.5,4.5,Crystal Palace,91,1.90,89,3.88,87,2.92,86,3.11,87,2.03,87,2.90,87,2.53,86,2.97,0.00
G,201,Henderson,4.5,4.5,Crystal Palace,92,3.06,91,3.70,89,3.23,89,3.42,87,2.88,88,3.27,86,3.01,85,3.22,0.64
D,202,Holding,4.5,4.5,Crystal Palace,3,0.07,4,0.14,4,0.12,6,0.18,6,0.15,8,0.22,7,0.18,8,0.26,0.00
M,203,Hughes,5.0,5.0,Crystal Palace,14,0.57,20,0.89,21,0.86,21,0.84,21,0.82,22,0.91,21,0.86,23,0.94,0.00
G,204,Johnstone,4.4,4.4,Crystal Palace,3,0.10,4,0.17,6,0.21,6,0.23,8,0.26,7,0.28,8,0.29,9,0.35,0.00
M,205,Kamada,5.4,5.4,Crystal Palace,58,2.43,54,3.02,54,2.74,53,2.60,53,2.39,53,2.59,50,2.51,52,2.54,0.00
M,206,Lerma,5.0,5.0,Crystal Palace,54,1.59,49,1.83,50,1.72,54,1.78,49,1.53,53,1.74,49,1.61,51,1.69,0.00
F,207,Mateta,7.5,7.5,Crystal Palace,80,3.60,78,4.66,76,4.16,73,3.81,73,3.46,72,3.80,72,3.77,72,3.73,0.00
M,208,M.França,4.5,4.5,Crystal Palace,0,0.00,7,0.42,15,0.84,19,1.05,20,1.03,20,1.09,21,1.13,22,1.20,0.00
G,209,Matthews,4.0,4.0,Crystal Palace,0,0.00,0,0.00,0,0.00,0,0.00,0,0.00,0,0.00,0,0.00,0,0.00,0.08
D,210,Mitchell,5.0,5.0,Crystal Palace,85,1.82,83,3.60,81,2.77,82,2.97,82,1.98,80,2.76,79,2.36,78,2.75,0.00
D,211,Muñoz,5.0,5.0,Crystal Palace,88,2.01,85,4.03,82,3.05,82,3.17,81,2.18,82,2.98,80,2.61,78,2.97,0.06
M,212,Ozoh,4.5,4.5,Crystal Palace,0,0.00,0,0.00,0,0.00,0,0.00,0,0.00,0,0.00,0,0.00,0,0.00,0.00
M,213,Rak-Sakyi,4.5,4.5,Crystal Palace,0,0.00,0,0.00,0,0.00,0,0.00,0,0.00,0,0.00,0,0.00,0,0.00,0.00
M,214,Schlupp,4.9,4.9,Crystal Palace,12,0.56,13,0.68,13,0.65,13,0.64,14,0.64,15,0.72,16,0.80,15,0.74,0.00
D,215,Ward,4.5,4.5,Crystal Palace,6,0.16,8,0.33,11,0.38,11,0.41,12,0.35,11,0.40,14,0.46,16,0.57,0.00
M,216,Wharton,5.0,5.0,Crystal Palace,82,2.40,78,2.99,77,2.67,75,2.57,75,2.32,74,2.50,75,2.51,75,2.48,0.00
M,217,A.Doucoure,5.4,5.4,Everton,80,3.27,78,2.60,77,3.15,74,3.02,74,3.07,73,3.14,73,3.17,74,3.04,0.00
F,218,Beto,5.0,5.0,Everton,22,1.37,21,1.10,25,1.53,26,1.57,25,1.61,27,1.66,27,1.70,27,1.65,0.00
D,219,Branthwaite,4.9,4.9,Everton,0,0.00,23,0.48,70,2.17,80,2.51,81,2.12,79,2.55,78,2.66,79,2.38,0.00
F,220,Calvert-Lewin,5.9,5.9,Everton,73,4.03,69,2.97,66,3.62,65,3.47,64,3.56,63,3.47,64,3.64,61,3.39,0.00
D,221,Coleman,4.4,4.4,Everton,0,0.00,0,0.00,0,0.00,0,0.00,0,0.00,0,0.00,0,0.00,0,0.00,0.00
M,222,Gana,5.0,5.0,Everton,86,2.37,76,1.93,74,2.11,73,2.06,73,2.06,72,2.10,71,2.13,71,2.04,0.00
M,223,Garner,5.0,5.0,Everton,13,0.50,75,2.12,74,2.43,73,2.40,71,2.37,72,2.46,71,2.48,69,2.38,0.00
M,224,Harrison,5.5,5.5,Everton,71,3.18,67,2.45,63,2.78,63,2.72,64,2.84,62,2.86,62,2.91,60,2.68,0.00
D,225,Holgate,4.0,4.0,Everton,26,0.95,28,0.72,32,1.15,35,1.24,34,1.09,29,1.09,23,0.90,20,0.73,0.00
M,226,Iroegbunam,4.5,4.5,Everton,72,2.28,40,1.25,42,1.43,45,1.52,47,1.59,45,1.56,47,1.61,48,1.58,0.00
G,227,J.Virginia,4.0,4.0,Everton,0,0.00,0,0.00,0,0.00,0,0.00,0,0.00,2,0.06,0,0.00,1,0.04,0.03
D,228,Keane,4.0,4.0,Everton,48,1.66,38,0.91,17,0.57,12,0.40,13,0.37,14,0.48,15,0.54,16,0.52,0.00
F,229,Maupay,5.0,5.0,Everton,21,1.22,18,0.89,21,1.18,23,1.25,25,1.37,26,1.43,25,1.42,28,1.51,0.00
M,230,McNeil,5.4,5.4,Everton,87,3.87,84,2.86,83,3.47,81,3.36,79,3.38,80,3.42,79,3.49,81,3.41,0.00
D,231,Mykolenko,4.4,4.4,Everton,89,2.93,87,1.83,84,2.70,84,2.74,84,2.33,84,2.85,81,2.89,78,2.50,0.04
F,232,Ndiaye,5.4,5.4,Everton,42,2.10,41,1.71,44,2.16,45,2.13,46,2.21,45,2.26,45,2.17,46,2.18,0.00
M,233,Onana,5.0,5.0,Aston Villa,68,2.42,49,1.93,35,1.46,30,1.26,29,1.17,31,1.20,32,1.28,31,1.13,0.00
D,234,Patterson,4.4,4.4,Everton,0,0.00,0,0.00,0,0.00,0,0.00,0,0.00,13,0.48,26,0.98,33,1.14,0.00
G,235,Pickford,4.9,4.9,Everton,94,3.42,94,3.09,91,3.38,92,3.35,92,3.14,90,3.41,91,3.45,91,3.34,0.00
D,236,Tarkowski,4.9,4.9,Everton,92,2.91,90,1.76,89,2.73,87,2.73,85,2.26,85,2.80,85,2.90,85,2.56,0.00
F,237,Y. Chermiti,5.0,5.0,Everton,0,0.00,0,0.00,0,0.00,0,0.00,0,0.00,0,0.00,0,0.00,0,0.00,0.00
D,238,Young,4.5,4.5,Everton,76,2.78,75,1.73,72,2.56,67,2.43,69,2.14,63,2.43,61,2.46,59,2.15,0.00
M,239,Adama,5.0,5.0,Fulham,61,3.01,58,2.81,55,2.64,55,2.50,56,1.91,54,2.42,53,2.43,53,2.66,0.00
M,240,Andreas,5.5,5.5,Fulham,72,3.57,69,3.47,66,3.23,69,3.12,65,2.23,65,3.00,64,2.96,65,3.48,0.01
D,241,Bassey,4.5,4.5,Fulham,83,2.69,80,2.36,80,2.15,79,2.23,78,0.93,75,2.11,76,2.33,72,2.54,0.00
G,242,Benda,4.0,4.0,Fulham,0,0.00,3,0.10,3,0.11,4,0.14,5,0.15,4,0.16,5,0.20,4,0.16,0.01
M,243,Cairney,4.9,4.9,Fulham,21,1.02,24,1.14,26,1.23,28,1.22,28,1.03,29,1.27,29,1.27,30,1.38,0.00
D,244,Castagne,4.4,4.4,Fulham,30,1.17,33,1.20,34,1.17,37,1.25,38,0.63,38,1.27,38,1.35,39,1.62,0.00
D,245,Diop,4.5,4.5,Fulham,29,0.98,36,1.09,34,0.98,37,1.09,39,0.52,39,1.13,38,1.21,44,1.55,0.00
M,246,Harris,4.5,4.5,Fulham,0,0.00,0,0.00,0,0.00,0,0.00,0,0.00,0,0.00,0,0.00,0,0.00,0.00
M,247,Iwobi,5.5,5.5,Fulham,83,3.57,79,3.35,78,3.33,76,3.02,75,2.28,75,2.98,74,2.99,74,3.32,0.00
G,248,Leno,5.0,5.0,Fulham,94,3.59,92,3.33,92,3.24,91,3.31,90,2.92,90,3.22,90,3.39,91,3.56,0.00
M,249,Lukić,5.0,5.0,Fulham,46,1.80,24,1.06,26,1.10,28,1.13,29,1.00,30,1.19,29,1.19,32,1.37,0.00
D,250,Mbabu,4.0,4.0,Fulham,4,0.11,5,0.13,7,0.19,9,0.25,10,0.17,10,0.29,11,0.35,12,0.43,0.00
F,251,Muniz,6.1,6.1,Fulham,77,4.10,73,3.89,71,3.80,70,3.44,68,2.47,67,3.31,66,3.27,66,3.75,0.31
F,252,Raúl,5.5,5.5,Fulham,21,1.37,23,1.47,24,1.49,25,1.44,25,1.14,25,1.44,26,1.47,28,1.75,0.00
D,253,Ream,4.5,4.5,Fulham,0,0.00,0,0.00,0,0.00,0,0.00,0,0.00,0,0.00,0,0.00,0,0.00,0.00
M,254,Reed,5.0,5.0,Fulham,17,0.74,19,0.78,21,0.86,21,0.84,23,0.82,24,0.95,25,0.96,25,1.00,0.00
D,255,Robinson,4.6,4.5,Fulham,86,2.98,84,2.64,81,2.37,78,2.34,76,0.95,76,2.27,76,2.44,78,2.96,0.41
F,256,Stansfield,5.0,5.0,Fulham,0,0.00,0,0.00,0,0.00,0,0.00,0,0.00,1,0.07,0,0.00,1,0.09,0.00
D,257,Tete,4.5,4.5,Fulham,63,2.37,61,2.07,61,1.96,58,1.90,56,0.86,56,1.83,55,1.90,53,2.14,0.00
F,258,Vinicius,5.0,5.0,Fulham,4,0.29,6,0.42,6,0.45,6,0.40,8,0.41,9,0.54,9,0.57,8,0.55,0.00
M,259,Wilson,5.4,5.4,Fulham,29,1.68,34,1.94,36,1.94,34,1.76,37,1.47,38,1.96,37,1.90,36,2.01,0.00
F,260,Al-Hamadi,5.0,5.0,Ipswich,9,0.66,11,0.60,12,0.75,11,0.65,7,0.50,5,0.38,5,0.35,5,0.38,0.00
D,261,Baggott,4.0,4.0,Ipswich,0,0.00,0,0.00,0,0.00,0,0.00,0,0.00,0,0.00,0,0.00,0,0.00,0.00
M,262,Broadhead,5.0,5.0,Ipswich,0,0.00,0,0.00,0,0.00,7,0.41,16,0.86,17,1.04,20,1.04,21,1.26,0.00
D,263,Burgess,4.0,4.0,Ipswich,16,0.48,18,0.40,23,0.64,25,0.62,28,0.58,28,0.91,26,0.65,26,0.89,0.00
M,264,Burns,4.9,4.9,Ipswich,0,0.00,0,0.00,16,0.74,39,1.58,38,1.54,41,1.79,41,1.65,40,1.85,0.00
M,265,Chaplin,5.5,5.5,Ipswich,35,2.03,34,1.64,33,1.86,28,1.58,26,1.39,24,1.47,25,1.32,25,1.64,0.00
D,266,Clarke,4.0,4.0,Ipswich,0,0.00,0,0.00,0,0.00,0,0.00,0,0.00,0,0.00,0,0.00,0,0.00,0.00
D,267,Davis,4.5,4.5,Ipswich,88,3.23,86,2.04,83,2.72,81,2.34,82,2.07,80,3.23,79,2.31,80,3.47,0.00
F,268,Delap,5.5,5.5,Ipswich,75,3.85,72,2.94,69,3.44,68,3.13,63,2.91,60,3.18,59,2.71,59,3.28,0.00
D,269,Edmundson,4.0,4.0,Ipswich,2,0.06,4,0.08,6,0.14,5,0.10,6,0.12,7,0.22,6,0.15,7,0.20,0.00
D,270,Greaves,4.0,4.0,Ipswich,81,2.41,77,1.46,76,1.99,73,1.63,71,1.38,71,2.31,71,1.64,72,2.42,0.01
M,271,Harness,4.9,4.9,Ipswich,29,1.47,29,1.26,27,1.35,22,1.06,20,1.00,20,1.06,18,0.90,19,1.10,0.00
F,272,Hirst,5.5,5.5,Ipswich,0,0.00,0,0.00,0,0.00,1,0.06,13,0.74,29,1.76,30,1.60,30,1.89,0.00
M,273,Humphreys,4.5,4.5,Ipswich,0,0.00,0,0.00,0,0.00,0,0.00,0,0.00,0,0.00,0,0.00,0,0.00,0.00
M,274,Hutchinson,5.5,5.5,Ipswich,72,3.17,68,2.45,66,2.77,62,2.49,62,2.42,59,2.72,60,2.38,58,2.79,0.00
D,275,Johnson,4.0,4.0,Ipswich,88,2.74,85,1.75,80,2.24,75,1.89,75,1.66,73,2.57,72,1.85,73,2.67,0.15
F,276,Ladapo,4.5,4.5,Ipswich,10,0.64,11,0.58,12,0.70,11,0.64,9,0.56,5,0.35,4,0.32,5,0.37,0.00
M,277,Luongo,4.5,4.5,Ipswich,42,1.54,37,1.22,35,1.29,38,1.31,35,1.21,38,1.42,37,1.27,37,1.40,0.00
M,278,Morsy,5.0,5.0,Ipswich,70,1.96,65,1.55,66,1.78,62,1.61,63,1.57,63,1.78,61,1.56,61,1.78,0.00
D,279,Ndaba,4.0,4.0,Ipswich,0,0.00,0,0.00,0,0.00,0,0.00,0,0.00,0,0.00,0,0.00,0,0.00,0.00
G,280,Slicker,4.0,4.0,Ipswich,0,0.00,0,0.00,0,0.00,0,0.00,0,0.00,0,0.00,0,0.00,0,0.00,0.04
M,281,Taylor,5.0,5.0,Ipswich,7,0.37,7,0.35,8,0.40,7,0.36,7,0.36,7,0.38,9,0.41,9,0.47,0.00
D,282,Tuanzebe,4.0,4.0,Ipswich,50,1.54,50,1.03,51,1.36,51,1.19,49,1.01,50,1.62,50,1.22,51,1.72,0.00
G,283,Walton,4.5,4.5,Ipswich,2,0.06,2,0.07,3,0.12,3,0.11,4,0.14,5,0.17,5,0.15,6,0.22,0.00
D,284,Woolfenden,4.0,4.0,Ipswich,57,1.57,56,1.01,55,1.31,56,1.20,59,1.07,56,1.69,57,1.24,55,1.71,0.00
M,285,B.Soumaré,4.5,4.5,Leicester,13,0.43,18,0.56,17,0.57,20,0.57,19,0.62,20,0.65,19,0.62,22,0.69,0.00
F,286,Cannon,4.5,4.5,Leicester,6,0.39,7,0.44,8,0.54,8,0.44,10,0.66,6,0.45,3,0.28,3,0.24,0.01
M,287,Choudhury,4.5,4.5,Leicester,19,0.59,26,0.78,26,0.85,26,0.75,28,0.86,30,0.91,30,0.90,30,0.91,0.00
D,288,Coady,4.0,4.0,Leicester,0,0.00,2,0.04,7,0.21,9,0.13,11,0.31,11,0.32,14,0.44,12,0.36,0.00
F,289,Daka,4.9,4.9,Leicester,0,0.00,0,0.00,0,0.00,0,0.00,0,0.00,25,1.46,42,2.52,44,2.50,0.00
M,290,De Cordova-Reid,5.5,5.5,Leicester,58,2.52,58,2.43,56,2.81,56,1.91,56,2.73,52,2.54,53,2.71,52,2.62,0.00
D,291,Faes,4.1,4.1,Leicester,91,2.17,87,2.12,84,2.94,83,0.82,83,2.47,81,2.30,81,2.62,80,2.44,0.11
M,292,Golding,4.5,4.5,Leicester,0,0.00,0,0.00,0,0.00,0,0.00,0,0.00,0,0.00,0,0.00,0,0.00,0.00
G,293,Hermansen,4.5,4.5,Leicester,93,3.23,93,3.21,92,3.52,91,2.94,89,3.20,90,3.26,89,3.31,89,3.25,0.00
G,294,Iversen,4.0,4.0,Leicester,2,0.07,2,0.08,3,0.12,4,0.12,5,0.18,5,0.16,5,0.21,5,0.20,0.03
D,295,Justin,4.5,4.5,Leicester,72,1.92,67,1.76,64,2.44,63,0.75,62,1.99,61,1.88,63,2.22,60,1.96,0.00
D,296,Kristiansen,4.5,4.5,Leicester,70,1.82,68,1.78,68,2.48,67,0.79,65,2.05,62,1.87,62,2.15,62,2.00,0.00
M,297,Marcal,4.5,4.5,Leicester,1,0.09,2,0.17,3,0.21,3,0.21,4,0.27,3,0.22,3,0.21,4,0.27,0.00
M,298,Mavididi,5.4,5.4,Leicester,28,1.48,35,1.73,36,2.18,39,1.54,39,2.16,35,1.93,32,1.90,31,1.78,0.08
M,299,McAteer,4.9,4.9,Leicester,7,0.47,8,0.48,10,0.64,11,0.53,11,0.65,11,0.62,10,0.62,10,0.61,0.00
M,300,Ndidi,5.0,5.0,Leicester,66,2.10,63,1.99,62,2.24,59,1.62,60,2.07,60,2.04,59,2.09,59,2.05,0.00
D,301,Okoli,4.0,4.0,Leicester,17,0.43,23,0.59,24,0.80,26,0.31,26,0.77,26,0.75,27,0.87,31,0.93,0.00
D,302,Ricardo,4.4,4.4,Leicester,26,0.79,28,0.84,30,1.23,32,0.47,33,1.17,34,1.17,32,1.23,34,1.22,0.00
D,303,Souttar,4.0,4.0,Leicester,0,0.00,0,0.00,0,0.00,0,0.00,0,0.00,0,0.00,0,0.00,0,0.00,0.00
G,304,Stolarczyk,4.0,4.0,Leicester,0,0.00,0,0.00,0,0.00,0,0.00,0,0.00,0,0.00,0,0.00,0,0.00,0.01
D,305,Thomas,4.0,4.0,Leicester,19,0.57,21,0.62,21,0.77,21,0.39,22,0.78,24,0.79,23,0.85,24,0.84,0.00
F,306,Vardy,5.6,5.6,Leicester,81,4.00,78,3.53,76,4.50,74,2.71,73,4.05,62,3.39,57,3.38,54,3.06,0.00
D,307,Vestergaard,4.0,4.0,Leicester,83,2.00,77,1.88,76,2.62,73,0.74,73,2.15,74,2.09,71,2.33,69,2.09,0.00
G,308,Ward,4.0,4.0,Leicester,0,0.00,0,0.00,0,0.00,0,0.00,0,0.00,0,0.00,0,0.00,0,0.00,0.00
M,309,Winks,4.5,4.5,Leicester,84,2.28,80,2.12,79,2.36,79,1.81,78,2.24,75,2.13,76,2.26,76,2.21,0.35
G,310,A.Becker,5.5,5.5,Liverpool,94,3.58,92,4.26,91,3.83,91,3.75,92,3.67,92,3.49,91,3.20,92,3.70,0.02
D,311,Alexander-Arnold,7.0,7.0,Liverpool,82,3.66,81,5.29,76,4.56,74,4.04,74,3.56,74,3.62,73,2.25,72,4.00,0.74
M,312,Bajcetic,4.5,4.5,Liverpool,2,0.09,2,0.13,3,0.14,3,0.17,4,0.18,5,0.25,5,0.23,7,0.31,0.00
D,313,Bradley,4.9,4.9,Liverpool,17,0.77,18,1.01,21,1.14,23,1.22,25,1.17,25,1.19,25,0.87,25,1.31,0.00
M,314,Carvalho,5.0,5.0,Brentford,32,1.93,30,1.15,29,1.34,31,1.71,31,1.74,32,1.49,32,1.94,33,1.56,0.00
M,315,Clark,4.5,4.5,Liverpool,0,0.00,0,0.00,0,0.00,0,0.00,0,0.00,0,0.00,0,0.00,0,0.00,0.00
F,316,Darwin,7.3,7.3,Liverpool,35,2.21,40,2.82,44,3.12,46,2.98,44,2.60,45,2.98,43,1.98,43,2.95,0.00
M,317,Diogo J.,7.6,7.6,Liverpool,69,4.24,62,4.51,57,4.24,55,3.69,57,3.39,55,3.70,55,2.53,56,4.06,0.33
M,318,Doak,4.5,4.5,Liverpool,0,0.00,0,0.00,0,0.00,0,0.00,0,0.00,0,0.00,0,0.00,0,0.00,0.00
M,319,Elliott,5.4,5.4,Liverpool,24,1.30,27,1.57,28,1.63,28,1.50,30,1.52,30,1.64,29,1.25,31,1.76,0.00
M,320,Endo,4.9,4.9,Liverpool,20,0.82,22,0.98,23,1.00,23,0.99,24,0.94,24,0.96,26,0.91,25,1.03,0.00
F,321,Gakpo,7.4,7.4,Liverpool,31,1.93,33,2.27,34,2.42,38,2.41,39,2.27,42,2.65,39,1.82,42,2.70,0.00
D,322,Gomez,4.9,4.9,Liverpool,4,0.11,8,0.29,12,0.44,14,0.50,16,0.54,16,0.52,16,0.39,19,0.72,0.00
M,323,Gravenberch,5.0,5.0,Liverpool,59,2.32,56,2.54,54,2.42,54,2.29,53,2.12,53,2.20,53,1.76,54,2.31,0.00
M,324,Jones,5.4,5.4,Liverpool,15,0.72,23,1.25,27,1.41,27,1.32,26,1.21,27,1.33,28,1.12,27,1.38,0.00
G,325,Kelleher,4.5,4.5,Liverpool,1,0.05,3,0.12,4,0.15,4,0.15,3,0.12,3,0.11,4,0.13,3,0.13,0.00
D,326,Konaté,5.0,5.0,Liverpool,59,1.89,60,2.84,58,2.43,57,2.27,57,2.01,55,1.86,55,1.26,52,2.02,0.00
M,327,Luis Díaz,7.5,7.5,Liverpool,67,3.81,67,4.46,67,4.55,64,4.05,62,3.51,64,3.89,64,2.75,63,4.20,0.00
M,328,M.Salah,12.6,12.6,Liverpool,85,6.07,81,7.02,79,6.91,78,5.98,77,5.26,74,5.88,77,3.93,76,6.37,0.20
M,329,Mac Allister,6.5,6.5,Liverpool,88,3.36,85,3.92,83,3.87,83,3.52,84,3.25,82,3.53,83,2.56,81,3.67,0.00
M,330,McConnell,4.5,4.5,Liverpool,0,0.00,0,0.00,0,0.00,0,0.00,0,0.00,0,0.00,0,0.00,0,0.00,0.00
M,331,Morton,4.5,4.5,Liverpool,0,0.00,0,0.00,0,0.00,0,0.00,0,0.00,0,0.00,0,0.00,0,0.00,0.00
D,332,N.Phillips,4.0,4.0,Liverpool,0,0.00,0,0.00,0,0.00,0,0.00,0,0.00,0,0.00,0,0.00,0,0.00,0.00
D,333,Quansah,4.4,4.4,Liverpool,38,1.31,37,1.86,39,1.70,38,1.59,39,1.48,39,1.44,40,1.07,41,1.67,0.23
D,334,R.Williams,4.0,4.0,Liverpool,0,0.00,0,0.00,0,0.00,0,0.00,0,0.00,0,0.00,0,0.00,0,0.00,0.00
D,335,Robertson,6.0,6.0,Liverpool,85,3.52,82,4.99,80,4.42,79,4.00,77,3.46,77,3.45,77,2.16,76,3.83,0.00
M,336,Szoboszlai,6.5,6.5,Liverpool,69,3.52,66,3.86,65,3.93,65,3.54,63,3.19,64,3.50,61,2.41,59,3.45,0.00
D,337,Tsimikas,4.9,4.9,Liverpool,8,0.36,11,0.61,13,0.72,14,0.70,14,0.64,16,0.74,16,0.52,16,0.78,0.00
D,338,Van den Berg,4.0,4.0,Brentford,20,0.78,19,0.32,13,0.28,15,0.50,16,0.59,18,0.43,16,0.67,20,0.60,0.00
D,339,Virgil,6.0,6.0,Liverpool,91,3.03,88,4.51,86,3.89,85,3.56,85,3.17,84,2.99,83,1.93,83,3.43,0.00
D,340,Akanji,5.5,5.5,Man City,60,2.52,58,3.02,57,2.09,57,2.16,59,2.99,57,2.66,56,3.08,58,2.50,0.00
D,341,Aké,5.4,5.4,Man City,54,2.48,51,2.84,52,2.09,51,2.13,51,2.79,52,2.64,54,3.15,53,2.48,0.00
M,342,Bernardo,6.6,6.6,Man City,62,3.09,49,2.68,51,2.15,49,2.44,52,3.04,51,2.73,51,3.31,50,2.54,0.00
M,343,Bobb,4.9,4.9,Man City,0,0.00,0,0.00,0,0.00,0,0.00,0,0.00,0,0.00,0,0.00,9,0.61,0.00
G,344,Carson,4.0,4.0,Man City,0,0.00,0,0.00,0,0.00,0,0.00,0,0.00,0,0.00,0,0.00,0,0.00,0.00
M,345,De Bruyne,9.6,9.6,Man City,75,4.95,71,5.22,69,3.75,67,4.24,63,4.79,63,4.30,62,5.42,63,4.12,0.00
M,346,Doku,6.5,6.5,Man City,54,3.25,47,3.04,46,2.28,47,2.70,44,3.00,44,2.68,45,3.32,44,2.57,0.00
G,347,Ederson M.,5.5,5.5,Man City,92,3.73,92,4.38,90,3.50,90,3.53,90,4.16,89,3.89,88,4.18,88,3.69,0.01
M,348,Foden,9.4,9.4,Man City,81,5.38,78,5.63,77,4.04,74,4.67,76,5.77,75,5.07,72,6.24,71,4.62,0.00
M,349,Grealish,6.5,6.5,Man City,32,1.96,35,2.27,36,1.80,36,2.12,38,2.52,37,2.24,39,2.92,39,2.26,0.00
D,350,Gvardiol,6.0,6.0,Man City,77,3.61,73,4.27,73,2.90,72,3.05,72,4.10,68,3.53,68,4.12,69,3.33,0.11
F,351,Haaland,15.1,15.0,Man City,89,7.04,81,7.12,81,4.96,80,5.90,79,7.22,78,6.07,77,8.09,76,5.63,0.86
F,352,J.Alvarez,7.0,7.0,Man City,0,0.00,0,0.00,0,0.00,0,0.00,0,0.00,0,0.00,0,0.00,0,0.00,0.00
D,353,João Cancelo,5.3,5.3,Man City,0,0.00,0,0.00,0,0.00,0,0.00,0,0.00,0,0.00,0,0.00,0,0.00,0.00
M,354,Kovačić,5.5,5.5,Man City,41,1.68,35,1.57,27,1.08,29,1.23,28,1.30,27,1.22,29,1.42,29,1.23,0.00
D,355,Lewis,4.5,4.5,Man City,39,1.81,19,1.04,13,0.53,14,0.60,15,0.82,16,0.81,16,0.93,18,0.86,0.03
M,356,Matheus N.,5.0,5.0,Man City,23,1.21,12,0.64,11,0.52,14,0.70,16,0.89,17,0.91,17,1.06,16,0.86,0.00
M,357,McAtee,4.9,4.9,Man City,3,0.28,3,0.30,4,0.34,5,0.38,5,0.50,6,0.47,7,0.63,5,0.41,0.00
G,358,Ortega Moreno,5.4,5.4,Man City,3,0.14,3,0.13,5,0.20,5,0.20,5,0.22,6,0.27,7,0.32,7,0.30,0.00
M,359,Phillips,5.0,5.0,Ipswich,53,1.76,56,1.61,55,1.73,53,1.64,53,1.58,52,1.74,53,1.62,52,1.78,0.00
M,360,Rodrigo,6.4,6.4,Man City,14,0.56,70,3.01,85,2.79,84,3.08,82,3.60,81,3.17,82,3.82,81,3.01,0.00
D,361,Rúben,5.5,5.5,Man City,66,2.79,63,3.34,63,2.30,62,2.44,61,3.17,64,3.04,65,3.54,61,2.74,0.00
D,362,Stones,5.4,5.4,Man City,41,1.87,51,2.76,52,1.98,53,2.13,52,2.76,53,2.58,53,2.99,53,2.40,0.00
D,363,Walker,5.4,5.4,Man City,51,2.26,64,3.50,67,2.54,67,2.66,64,3.40,65,3.08,63,3.52,61,2.78,0.00
M,364,Amad,5.0,5.0,Man Utd,61,2.83,48,2.50,39,1.91,33,1.78,33,1.57,32,1.87,33,1.75,34,1.78,0.00
M,365,Antony,5.9,5.9,Man Utd,11,0.62,9,0.58,10,0.56,11,0.65,11,0.58,12,0.77,13,0.71,13,0.75,0.00
M,366,B.Fernandes,8.4,8.4,Man Utd,89,4.75,87,5.13,85,4.39,84,5.02,83,4.07,83,5.71,84,4.74,82,4.68,0.64
G,367,Bayindir,4.5,4.5,Man Utd,1,0.04,2,0.08,3,0.10,3,0.11,3,0.11,4,0.16,4,0.15,5,0.20,0.00
M,368,Casemiro,5.0,5.0,Man Utd,84,2.52,80,2.72,80,2.45,77,2.51,78,2.29,75,2.77,74,2.41,74,2.45,0.00
D,369,Dalot,5.0,5.0,Man Utd,91,2.19,86,3.52,82,2.62,81,2.54,78,2.14,78,3.44,78,2.49,76,2.37,0.00
M,370,Eriksen,5.4,5.4,Man Utd,10,0.54,10,0.55,9,0.48,10,0.57,11,0.54,11,0.66,12,0.63,13,0.70,0.00
D,371,Evans,4.5,4.5,Man Utd,6,0.17,5,0.19,5,0.16,5,0.16,4,0.11,3,0.11,4,0.11,4,0.13,0.00
M,372,Garnacho,6.5,6.5,Man Utd,66,3.07,75,3.87,75,3.43,74,3.72,73,3.19,74,4.22,74,3.61,72,3.62,0.01
M,373,Hannibal,4.5,4.5,Man Utd,2,0.13,1,0.11,2,0.11,2,0.13,3,0.18,3,0.21,2,0.17,2,0.17,0.00
G,374,Heaton,4.0,4.0,Man Utd,0,0.00,0,0.00,0,0.00,0,0.00,0,0.00,0,0.00,0,0.00,0,0.00,0.00
F,375,Højlund,6.9,6.9,Man Utd,0,0.00,18,1.07,34,1.75,41,2.33,44,2.13,42,2.59,41,2.27,43,2.40,0.00
D,376,Lindelof,4.4,4.4,Man Utd,0,0.00,0,0.00,0,0.00,4,0.14,9,0.27,10,0.37,13,0.43,11,0.34,0.00
D,377,Maguire,5.0,5.0,Man Utd,57,1.34,34,1.39,30,0.97,28,0.89,28,0.80,26,1.10,28,0.91,29,0.91,0.00
M,378,Mainoo,5.5,5.5,Man Utd,78,2.26,74,2.43,74,2.21,72,2.25,72,2.07,70,2.39,69,2.15,68,2.10,0.00
D,379,Malacia,4.5,4.5,Man Utd,0,0.00,0,0.00,0,0.00,0,0.00,4,0.13,10,0.44,8,0.28,11,0.38,0.00
D,380,Martinez,4.5,4.5,Man Utd,80,1.85,77,3.05,76,2.29,75,2.15,73,1.90,73,3.03,70,2.12,70,2.03,0.00
M,381,McTominay,4.9,4.9,Man Utd,16,0.66,15,0.66,14,0.56,15,0.65,14,0.54,15,0.70,16,0.68,16,0.67,0.00
M,382,Mount,6.5,6.5,Man Utd,32,1.51,38,1.98,35,1.66,37,1.89,36,1.64,36,2.08,37,1.88,37,1.89,0.00
G,383,Onana,5.0,5.0,Man Utd,94,3.12,93,3.71,92,3.33,92,3.17,92,3.15,91,3.65,91,3.23,89,3.07,0.00
M,384,Pellistri,5.0,5.0,Man Utd,0,0.00,0,0.00,0,0.00,0,0.00,0,0.00,0,0.00,0,0.00,0,0.00,0.00
M,385,Rashford,6.9,6.9,Man Utd,65,3.48,60,3.66,62,3.28,63,3.71,62,3.09,63,4.13,61,3.45,62,3.63,0.00
M,386,Sancho,6.3,6.3,Man Utd,6,0.36,4,0.29,4,0.26,6,0.35,6,0.34,5,0.36,5,0.32,6,0.35,0.00
D,387,Shaw,4.9,4.9,Man Utd,0,0.00,31,1.34,66,2.15,76,2.42,75,2.09,72,3.26,72,2.34,71,2.22,0.00
D,388,Wan-Bissaka,4.5,4.5,West Ham,58,1.09,69,2.12,66,1.60,65,1.93,67,2.79,64,1.16,62,1.81,63,1.85,0.00
F,389,Zirkzee,7.1,7.1,Man Utd,51,2.49,51,2.73,48,2.32,44,2.43,44,2.13,46,2.75,45,2.43,44,2.43,0.00
D,390,A.Murphy,4.0,4.0,Newcastle,0,0.00,0,0.00,0,0.00,0,0.00,0,0.00,0,0.00,0,0.00,1,0.04,0.00
M,391,Almirón,5.9,5.9,Newcastle,14,0.79,18,1.12,18,1.03,19,0.91,21,1.17,21,1.23,21,1.08,21,1.01,0.00
M,392,Barnes,6.4,6.4,Newcastle,32,1.92,33,2.12,34,1.97,33,1.58,37,2.21,36,2.25,36,1.85,37,1.80,0.00
D,393,Botman,4.5,4.5,Newcastle,0,0.00,0,0.00,0,0.00,0,0.00,0,0.00,0,0.00,0,0.00,0,0.00,0.00
M,394,Bruno G.,6.5,6.5,Newcastle,90,3.33,87,3.45,84,2.97,83,2.52,82,3.01,82,3.12,80,2.53,80,2.45,0.00
D,395,Burn,4.5,4.5,Newcastle,88,2.48,81,2.84,80,2.64,78,1.70,76,2.73,75,2.56,74,1.56,74,1.73,0.01
G,396,Dúbravka,4.4,4.4,Newcastle,0,0.00,0,0.00,0,0.00,0,0.00,0,0.00,0,0.00,1,0.04,0,0.00,0.00
M,397,Fraser,4.9,4.9,Newcastle,0,0.00,0,0.00,1,0.10,0,0.00,1,0.10,1,0.13,2,0.12,2,0.15,0.00
M,398,Gordon,7.5,7.5,Newcastle,84,4.59,81,4.63,79,4.05,78,3.14,75,3.91,74,4.04,74,3.25,73,3.01,0.14
D,399,Hall,4.5,4.5,Newcastle,41,1.37,23,0.94,26,0.97,27,0.79,29,1.19,28,1.10,30,0.82,30,0.87,0.14
M,400,Hayden,4.5,4.5,Newcastle,13,0.52,5,0.28,6,0.31,6,0.29,6,0.33,8,0.37,8,0.38,8,0.35,0.00
F,401,Isak,8.5,8.5,Newcastle,89,5.88,83,5.74,78,4.49,75,3.60,76,4.61,74,4.80,74,3.87,72,3.52,1.00
M,402,J.Murphy,5.4,5.4,Newcastle,68,3.35,61,3.25,55,2.68,54,2.23,52,2.69,53,2.81,52,2.25,52,2.21,0.02
M,403,Joelinton,6.0,6.0,Newcastle,49,2.14,49,2.30,48,2.00,48,1.66,47,2.01,46,2.04,47,1.74,46,1.65,0.00
D,404,Kelly,4.5,4.5,Newcastle,83,2.24,76,2.55,75,2.40,73,1.54,72,2.46,73,2.39,72,1.45,70,1.60,0.00
D,405,Krafth,4.5,4.5,Newcastle,58,1.48,20,0.66,21,0.67,25,0.57,24,0.82,24,0.79,26,0.57,27,0.65,0.00
M,406,Kuol,4.5,4.5,Newcastle,0,0.00,0,0.00,0,0.00,0,0.00,0,0.00,0,0.00,0,0.00,0,0.00,0.00
D,407,Lascelles,4.5,4.5,Newcastle,0,0.00,0,0.00,0,0.00,0,0.00,0,0.00,0,0.00,0,0.00,0,0.00,0.00
D,408,Lewis,4.0,4.0,Newcastle,2,0.08,1,0.05,1,0.06,1,0.04,2,0.09,2,0.09,2,0.06,2,0.06,0.00
D,409,Livramento,4.5,4.5,Newcastle,64,2.04,48,1.93,53,2.00,50,1.29,51,2.00,50,1.92,51,1.29,51,1.40,0.00
M,410,Longstaff,5.0,5.0,Newcastle,52,1.90,50,1.96,51,1.83,51,1.62,50,1.83,51,1.93,50,1.63,53,1.68,0.00
M,411,Miley,5.0,5.0,Newcastle,0,0.00,0,0.00,0,0.00,3,0.13,5,0.25,7,0.35,8,0.38,7,0.33,0.00
G,412,Odysseas,4.5,4.5,Newcastle,1,0.04,1,0.05,2,0.09,4,0.12,4,0.14,3,0.13,3,0.10,3,0.10,0.00
G,413,Pope,5.0,5.0,Newcastle,94,3.22,94,3.45,92,3.37,91,2.97,91,3.41,91,3.30,91,3.06,91,3.08,0.00
G,414,Ruddy,4.0,4.0,Newcastle,0,0.00,0,0.00,0,0.00,0,0.00,0,0.00,0,0.00,0,0.00,0,0.00,0.00
D,415,Schär,5.4,5.4,Newcastle,0,0.00,87,3.13,85,2.84,84,1.82,83,2.97,83,2.85,80,1.71,80,1.91,0.00
D,416,Targett,4.0,4.0,Newcastle,2,0.09,0,0.00,1,0.06,1,0.04,2,0.07,2,0.09,3,0.09,3,0.09,0.00
M,417,Tonali,5.5,5.5,Newcastle,74,2.76,72,2.90,70,2.51,68,2.15,68,2.53,67,2.60,66,2.17,67,2.14,0.00
D,418,Trippier,5.9,5.9,Newcastle,31,1.15,42,1.90,36,1.49,40,1.06,38,1.64,37,1.58,37,0.99,37,1.08,0.00
M,419,White,4.5,4.5,Newcastle,0,0.00,0,0.00,0,0.00,0,0.00,0,0.00,0,0.00,0,0.00,0,0.00,0.00
M,420,Willock,4.9,4.9,Newcastle,16,0.87,18,1.05,21,1.09,20,0.92,22,1.13,21,1.13,23,1.09,21,0.95,0.00
F,421,Wilson,6.9,6.9,Newcastle,0,0.00,12,0.96,25,1.63,30,1.67,30,1.96,32,2.27,32,1.94,35,1.87,0.00
D,422,Aina,4.4,4.4,Nott'm Forest,63,2.61,56,1.08,55,1.46,54,2.19,55,1.17,53,1.98,53,1.96,54,2.03,0.01
M,423,Anderson,5.0,5.0,Nott'm Forest,62,2.44,62,1.85,62,2.03,62,2.36,61,1.94,61,2.30,60,2.20,59,2.28,0.00
F,424,Awoniyi,5.9,5.9,Nott'm Forest,12,0.81,14,0.69,15,0.86,16,1.04,16,0.88,15,0.94,17,1.05,17,1.18,0.00
D,425,Boly,4.5,4.5,Nott'm Forest,34,1.38,32,0.66,34,0.91,36,1.42,35,0.76,37,1.34,37,1.33,39,1.40,0.00
M,426,Bowler,4.5,4.5,Nott'm Forest,1,0.13,3,0.19,4,0.25,4,0.28,5,0.34,6,0.39,6,0.40,7,0.49,0.00
G,427,C.Miguel,4.4,4.4,Nott'm Forest,0,0.00,1,0.05,1,0.05,2,0.07,3,0.09,2,0.09,2,0.09,2,0.08,0.00
M,428,Da Silva Moreira,4.5,4.5,Nott'm Forest,1,0.12,3,0.19,5,0.31,4,0.30,5,0.34,5,0.37,6,0.41,7,0.46,0.00
M,429,Danilo,4.9,4.9,Nott'm Forest,0,0.00,0,0.00,0,0.00,0,0.00,0,0.00,0,0.00,0,0.00,0,0.00,0.00
F,430,Dennis,5.0,5.0,Nott'm Forest,2,0.19,4,0.25,5,0.34,5,0.41,6,0.38,7,0.45,7,0.47,8,0.52,0.00
M,431,Dominguez,4.9,4.9,Nott'm Forest,24,1.07,27,0.98,31,1.16,32,1.35,32,1.17,36,1.40,36,1.42,38,1.50,0.00
M,432,Elanga,5.4,5.4,Nott'm Forest,59,3.18,59,2.17,58,2.54,59,3.09,57,2.33,56,2.75,56,2.80,55,2.94,0.00
M,433,Gibbs-White,6.5,6.5,Nott'm Forest,88,5.02,84,2.95,82,3.64,80,4.37,80,3.34,80,4.02,78,4.04,77,4.27,0.03
M,434,Hudson-Odoi,5.5,5.5,Nott'm Forest,76,3.75,73,2.46,69,2.79,69,3.35,67,2.57,67,3.05,67,3.09,65,3.22,0.00
M,435,Mighten,4.5,4.5,Nott'm Forest,0,0.00,0,0.00,0,0.00,0,0.00,0,0.00,0,0.00,0,0.00,0,0.00,0.00
D,436,Murillo,4.5,4.5,Nott'm Forest,91,3.22,86,1.25,83,1.78,83,2.88,81,1.30,82,2.60,79,2.53,80,2.52,0.00
D,437,N.Williams,4.5,4.5,Nott'm Forest,63,2.53,53,0.95,54,1.37,54,2.13,53,1.05,55,1.95,56,1.97,54,1.92,0.00
D,438,O.Richards,4.5,4.5,Nott'm Forest,0,0.00,0,0.00,0,0.00,0,0.00,0,0.00,0,0.00,0,0.00,0,0.00,0.00
M,439,O'Brien,5.0,5.0,Nott'm Forest,0,0.00,0,0.00,0,0.00,0,0.00,0,0.00,0,0.00,0,0.00,0,0.00,0.00
D,440,Omobamidele,4.5,4.5,Nott'm Forest,7,0.24,12,0.21,15,0.34,16,0.52,18,0.32,18,0.54,21,0.64,20,0.59,0.00
D,441,Panzo,4.0,4.0,Nott'm Forest,0,0.00,0,0.00,0,0.00,0,0.00,0,0.00,0,0.00,0,0.00,0,0.00,0.00
M,442,Sangaré,4.5,4.5,Nott'm Forest,70,2.37,69,1.82,68,1.96,68,2.23,68,1.88,66,2.10,67,2.09,66,2.17,0.05
G,443,Sels,4.5,4.5,Nott'm Forest,94,3.55,93,2.99,92,3.08,92,3.44,90,2.93,90,3.23,90,3.35,90,3.25,0.01
D,444,Toffolo,4.5,4.5,Nott'm Forest,10,0.43,7,0.18,9,0.27,10,0.39,12,0.32,13,0.51,13,0.50,14,0.55,0.00
G,445,Turner,4.0,4.0,Nott'm Forest,0,0.00,0,0.00,2,0.07,2,0.06,2,0.07,3,0.11,2,0.09,3,0.09,0.01
F,446,Ui-jo,4.5,4.5,Nott'm Forest,0,0.00,0,0.00,0,0.00,0,0.00,0,0.00,0,0.00,0,0.00,0,0.00,0.00
F,447,Wood,6.1,6.0,Nott'm Forest,70,3.86,68,2.48,64,2.84,63,3.36,62,2.67,62,3.02,63,3.17,62,3.38,0.12
D,448,Worrall,4.5,4.5,Nott'm Forest,0,0.00,0,0.00,0,0.00,0,0.00,0,0.00,0,0.00,0,0.00,0,0.00,0.00
M,449,Yates,5.0,5.0,Nott'm Forest,50,1.92,53,1.55,52,1.69,49,1.90,52,1.63,52,1.85,50,1.81,52,1.92,0.00
M,450,Alcaraz,4.9,4.9,Southampton,33,1.50,30,1.40,32,1.77,33,1.50,33,1.25,33,1.74,34,1.26,32,1.67,0.00
M,451,Amo-Ameyaw,4.5,4.5,Southampton,0,0.00,0,0.00,0,0.00,0,0.00,0,0.00,0,0.00,0,0.00,1,0.09,0.00
M,452,Aribo,5.0,5.0,Southampton,61,2.06,56,1.94,57,2.29,53,1.77,52,1.53,53,2.08,52,1.51,52,1.98,0.00
F,453,Armstrong,5.5,5.5,Southampton,81,4.00,78,3.91,74,4.80,72,3.43,72,2.64,72,4.45,70,2.56,69,4.11,0.14
G,454,Bazunu,4.5,4.5,Southampton,0,0.00,0,0.00,0,0.00,0,0.00,0,0.00,0,0.00,0,0.00,0,0.00,0.00
D,455,Bednarek,4.0,4.0,Southampton,88,2.02,83,2.15,82,2.90,81,1.67,80,0.68,79,2.69,77,0.56,77,2.51,0.00
D,456,Bella-Kotchap,4.0,4.0,Southampton,3,0.08,7,0.24,9,0.35,10,0.28,8,0.16,7,0.25,9,0.15,9,0.34,0.00
D,457,Bree,4.0,4.0,Southampton,7,0.25,8,0.29,8,0.36,9,0.29,11,0.24,10,0.41,11,0.23,11,0.46,0.00
M,458,Charles,4.5,4.5,Southampton,3,0.16,2,0.12,2,0.16,3,0.19,3,0.19,4,0.23,4,0.22,6,0.30,0.00
M,459,Edozie,5.0,5.0,Southampton,9,0.52,11,0.58,9,0.58,10,0.53,11,0.48,11,0.60,11,0.48,12,0.63,0.00
D,460,Edwards,4.0,4.0,Southampton,0,0.00,0,0.00,0,0.00,0,0.00,0,0.00,0,0.00,0,0.00,0,0.00,0.00
D,461,Harwood-Bellis,4.0,4.0,Southampton,87,2.14,83,2.27,82,3.06,81,1.80,80,0.77,79,2.82,77,0.65,76,2.59,0.20
M,462,Kamaldeen,5.0,5.0,Southampton,0,0.00,3,0.21,3,0.26,3,0.20,3,0.21,4,0.27,5,0.28,4,0.29,0.00
M,463,Lallana,5.0,5.0,Southampton,5,0.22,18,0.79,18,0.89,21,0.89,22,0.84,22,1.03,22,0.82,22,0.99,0.00
D,464,Larios,4.0,4.0,Southampton,0,0.00,0,0.00,0,0.00,0,0.00,0,0.00,0,0.00,0,0.00,0,0.00,0.00
G,465,Lis,4.0,4.0,Southampton,0,0.00,0,0.00,0,0.00,0,0.00,0,0.00,0,0.00,0,0.00,0,0.00,0.01
G,466,Lumley,4.0,4.0,Southampton,0,0.00,3,0.09,4,0.14,4,0.13,4,0.13,3,0.13,3,0.11,4,0.16,0.02
D,467,Manning,4.5,4.5,Southampton,16,0.53,20,0.74,21,0.98,24,0.76,24,0.43,27,1.25,27,0.44,28,1.22,0.00
F,468,Mara,5.0,5.0,Southampton,0,0.00,0,0.00,0,0.00,0,0.00,0,0.00,0,0.00,0,0.00,0,0.00,0.00
G,469,McCarthy,4.5,4.5,Southampton,94,3.21,92,3.21,91,3.49,91,3.07,91,2.94,92,3.43,91,3.00,90,3.35,0.01
F,470,Onuachu,5.0,5.0,Southampton,1,0.13,1,0.09,0,0.00,1,0.12,1,0.11,2,0.16,1,0.11,1,0.13,0.00
M,471,Smallbone,5.0,5.0,Southampton,69,2.41,67,2.41,64,2.78,61,2.14,63,1.79,62,2.61,61,1.75,61,2.45,0.00
D,472,Stephens,4.0,4.0,Southampton,59,1.43,53,1.45,55,1.97,55,1.23,56,0.54,56,1.94,58,0.48,57,1.92,0.00
F,473,Stewart,4.5,4.5,Southampton,0,0.00,4,0.29,12,0.86,15,0.86,15,0.74,15,1.06,15,0.70,17,1.15,0.00
D,474,Sugawara,4.5,4.5,Southampton,77,2.44,72,2.54,73,3.48,72,2.12,69,0.99,70,3.19,69,0.87,68,2.94,0.00
D,475,Taylor,4.0,4.0,Southampton,28,0.77,33,0.94,37,1.40,36,0.85,36,0.45,38,1.39,38,0.40,38,1.30,0.00
D,476,Walker-Peters,4.5,4.5,Southampton,88,2.25,86,2.45,82,3.26,81,1.91,81,0.83,79,3.02,77,0.68,76,2.77,0.00
D,477,Wood,4.0,4.0,Southampton,3,0.10,6,0.18,6,0.21,6,0.17,8,0.12,10,0.33,8,0.11,9,0.30,0.00
D,478,A.Phillips,4.0,4.0,Spurs,0,0.00,0,0.00,0,0.00,0,0.00,0,0.00,0,0.00,0,0.00,0,0.00,0.00
G,479,Austin,4.0,4.0,Spurs,0,0.00,0,0.00,0,0.00,0,0.00,0,0.00,0,0.00,0,0.00,0,0.00,0.00
M,480,Bentancur,5.0,5.0,Spurs,28,0.98,46,1.50,45,1.80,46,1.58,46,1.57,43,1.71,45,1.54,45,1.66,0.00
M,481,Bergvall,4.5,4.5,Spurs,18,1.03,13,0.64,14,0.87,14,0.72,14,0.77,16,1.03,19,1.00,17,0.94,0.01
M,482,Bissouma,5.0,5.0,Spurs,54,1.73,67,1.92,66,2.31,64,1.94,64,1.93,65,2.21,62,1.90,62,2.01,0.00
M,483,Bryan,5.0,5.0,Spurs,0,0.00,0,0.00,0,0.00,0,0.00,0,0.00,0,0.00,0,0.00,0,0.00,0.00
D,484,Davies,4.5,4.5,Spurs,7,0.18,10,0.26,12,0.48,13,0.40,14,0.43,15,0.57,17,0.58,17,0.59,0.00
M,485,Devine,4.5,4.5,Spurs,0,0.00,0,0.00,0,0.00,0,0.00,0,0.00,0,0.00,0,0.00,0,0.00,0.00
D,486,Dragusin,4.4,4.4,Spurs,8,0.24,13,0.35,18,0.72,19,0.56,20,0.61,25,0.96,23,0.77,24,0.84,0.00
D,487,E.Royal,4.5,4.5,Spurs,0,0.00,0,0.00,0,0.00,0,0.00,0,0.00,0,0.00,0,0.00,0,0.00,0.00
G,488,Forster,4.5,4.5,Spurs,1,0.05,2,0.08,4,0.15,4,0.16,4,0.14,5,0.18,5,0.17,5,0.17,0.00
M,489,Gray,4.9,4.9,Spurs,16,0.49,8,0.23,9,0.30,11,0.34,11,0.35,11,0.38,12,0.36,13,0.43,0.00
M,490,Højbjerg,5.0,5.0,Spurs,0,0.00,0,0.00,0,0.00,0,0.00,0,0.00,0,0.00,0,0.00,0,0.00,0.00
M,491,Johnson,6.5,6.5,Spurs,70,3.70,64,2.90,62,4.04,60,3.13,58,3.01,58,3.79,59,3.00,56,3.22,0.00
M,492,Kulusevski,6.4,6.4,Spurs,43,2.18,40,1.76,35,2.02,36,1.74,38,1.82,35,1.98,36,1.74,37,1.89,0.00
M,493,Lo Celso,4.9,4.9,Spurs,5,0.34,4,0.27,5,0.33,5,0.33,6,0.37,8,0.48,7,0.41,9,0.50,0.00
M,494,Maddison,7.5,7.5,Spurs,65,3.64,59,2.85,57,3.94,56,3.00,56,3.04,53,3.73,54,2.90,53,3.21,0.00
D,495,Pedro Porro,5.5,5.5,Spurs,89,3.01,86,2.66,83,4.54,83,2.90,82,2.98,80,4.10,81,3.22,80,3.55,0.84
D,496,Reguilón,4.4,4.4,Spurs,4,0.15,6,0.20,6,0.31,8,0.28,8,0.30,8,0.37,9,0.36,9,0.39,0.00
F,497,Richarlison,7.0,7.0,Spurs,42,2.45,31,1.54,22,1.58,23,1.41,23,1.39,25,1.76,25,1.46,24,1.53,0.00
D,498,Romero,5.0,5.0,Spurs,91,2.21,88,2.06,85,3.54,83,2.22,82,2.21,80,3.04,80,2.40,81,2.69,0.00
M,499,P.M.Sarr,5.0,5.0,Spurs,67,2.26,57,1.82,55,2.26,55,1.90,52,1.81,54,2.19,54,1.88,53,1.94,0.00
F,500,Scarlett,4.5,4.5,Spurs,0,0.00,0,0.00,0,0.00,0,0.00,0,0.00,0,0.00,0,0.00,0,0.00,0.00
M,501,Skipp,5.0,5.0,Leicester,55,1.60,54,1.53,52,1.65,53,1.38,51,1.55,53,1.58,50,1.56,51,1.55,0.00
M,502,Solomon,5.4,5.4,Spurs,5,0.38,4,0.28,4,0.35,5,0.38,5,0.35,6,0.45,5,0.36,6,0.46,0.00
M,503,Son,10.0,10.0,Spurs,88,5.42,85,4.17,84,6.25,83,4.86,83,4.79,81,6.09,81,4.63,80,5.21,0.01
D,504,Spence,4.5,4.5,Spurs,5,0.21,6,0.24,9,0.41,9,0.35,10,0.38,10,0.47,10,0.43,10,0.42,0.00
D,505,Udogie,5.0,5.0,Spurs,86,2.58,83,2.30,81,3.89,78,2.46,77,2.47,77,3.45,75,2.65,75,2.92,0.01
D,506,Van de Ven,4.5,4.5,Spurs,90,2.10,86,2.03,83,3.26,82,2.08,83,2.14,80,2.89,80,2.37,80,2.54,0.03
F,507,Veliz,5.0,5.0,Spurs,0,0.00,0,0.00,0,0.00,0,0.00,0,0.00,0,0.00,0,0.00,0,0.00,0.00
G,508,Vicario,5.0,5.0,Spurs,94,3.30,93,3.20,91,3.74,90,3.26,91,3.26,90,3.47,90,3.38,90,3.35,0.01
M,509,Werner,6.4,6.4,Spurs,21,1.44,18,1.04,14,1.09,17,1.09,16,1.07,17,1.33,17,1.08,17,1.19,0.00
G,510,Whiteman,4.0,4.0,Spurs,0,0.00,0,0.00,0,0.00,0,0.00,0,0.00,0,0.00,0,0.00,0,0.00,0.00
M,511,Álvarez,5.0,5.0,West Ham,41,1.16,54,1.63,56,1.63,55,1.61,55,1.88,54,1.49,54,1.63,54,1.61,0.00
F,512,Antonio,5.5,5.5,West Ham,40,1.68,39,1.98,35,1.80,37,1.80,37,2.29,37,1.68,36,1.90,37,1.84,0.00
G,513,Areola,4.5,4.5,West Ham,94,2.98,94,3.43,92,3.12,92,3.32,92,3.69,91,3.00,91,3.18,91,3.27,0.01
M,514,Bowen,7.5,7.5,West Ham,87,3.52,85,4.51,81,4.22,80,4.12,78,5.41,80,3.54,79,4.41,79,4.14,0.00
M,515,Cornet,4.9,4.9,West Ham,0,0.00,0,0.00,0,0.00,1,0.13,1,0.14,2,0.13,3,0.22,2,0.18,0.00
D,516,Coufal,4.5,4.5,West Ham,38,0.80,27,0.92,30,0.86,31,1.02,28,1.28,31,0.70,32,1.04,32,1.03,0.00
D,517,Cresswell,4.0,4.0,West Ham,8,0.24,11,0.41,12,0.42,16,0.60,18,0.82,17,0.49,17,0.64,18,0.67,0.00
M,518,Downes,5.0,5.0,Southampton,61,1.72,51,1.54,54,1.77,52,1.49,52,1.35,50,1.64,52,1.33,52,1.67,0.00
M,519,Earthy,4.5,4.5,West Ham,0,0.00,0,0.00,0,0.00,0,0.00,0,0.00,0,0.00,0,0.00,0,0.00,0.00
D,520,Emerson,4.5,4.5,West Ham,85,1.65,83,2.81,81,2.21,77,2.52,75,3.56,75,1.51,75,2.46,74,2.39,0.00
G,521,Fabianski,4.0,4.0,West Ham,0,0.00,0,0.00,1,0.05,2,0.06,1,0.04,2,0.07,2,0.08,2,0.06,0.12
G,522,Foderingham,4.5,4.5,West Ham,0,0.00,1,0.04,1,0.05,2,0.06,2,0.08,2,0.08,2,0.08,2,0.09,0.00
F,523,Ings,5.0,5.0,West Ham,0,0.00,2,0.17,3,0.24,3,0.22,4,0.33,4,0.28,4,0.32,4,0.30,0.00
D,524,Kilman,4.5,4.5,West Ham,80,1.39,74,2.24,74,1.78,71,2.11,70,2.87,71,1.23,70,2.05,68,1.98,0.00
M,525,Kudus,6.4,6.4,West Ham,82,3.00,75,3.60,73,3.32,74,3.33,71,4.25,72,2.86,73,3.53,70,3.19,0.00
M,526,L.Guilherme,4.9,4.9,West Ham,0,0.00,1,0.10,2,0.17,2,0.15,3,0.23,3,0.18,3,0.23,3,0.22,0.00
M,527,L.Paquetá,6.0,6.0,West Ham,76,2.90,72,3.45,70,3.30,70,3.24,69,4.23,67,2.75,67,3.38,66,3.04,0.00
D,528,Mavropanos,4.5,4.5,West Ham,35,0.72,26,0.90,28,0.80,31,1.03,29,1.35,30,0.65,33,1.06,32,1.05,0.00
D,529,N.Aguerd,4.4,4.4,West Ham,11,0.24,13,0.42,15,0.39,15,0.50,18,0.72,19,0.39,18,0.56,22,0.71,0.00
M,530,Souček,5.0,5.0,West Ham,64,1.96,61,2.24,59,2.11,58,2.14,58,2.69,58,1.92,57,2.20,58,2.17,0.00
M,531,Ward-Prowse,6.4,6.4,West Ham,35,1.30,35,1.54,35,1.53,35,1.53,39,2.09,38,1.48,39,1.74,41,1.71,0.00
D,532,Zouma,4.4,4.4,West Ham,0,0.00,0,0.00,0,0.00,0,0.00,0,0.00,0,0.00,0,0.00,0,0.00,0.00
D,533,Aït-Nouri,4.5,4.5,Wolves,74,2.66,72,2.21,70,1.96,69,1.82,69,2.52,67,1.62,67,1.92,65,2.66,0.00
M,534,B.Traore,5.0,5.0,Wolves,13,0.53,19,0.73,19,0.71,19,0.69,22,0.82,22,0.76,21,0.77,24,0.88,0.00
M,535,Bellegarde,5.0,5.0,Wolves,28,1.26,29,1.35,33,1.32,32,1.34,34,1.44,32,1.23,35,1.46,34,1.53,0.00
G,536,Bentley,4.0,4.0,Wolves,0,0.00,2,0.07,3,0.11,4,0.14,4,0.14,4,0.13,4,0.13,4,0.15,0.14
M,537,Chiquinho,4.5,4.5,Wolves,0,0.00,0,0.00,1,0.09,2,0.12,2,0.14,2,0.16,2,0.15,2,0.16,0.00
M,538,Chirewa,4.5,4.5,Wolves,0,0.00,0,0.00,0,0.00,0,0.00,0,0.00,0,0.00,0,0.00,0,0.00,0.00
F,539,Chiwome,4.5,4.5,Wolves,0,0.00,0,0.00,0,0.00,0,0.00,0,0.00,0,0.00,0,0.00,0,0.00,0.00
M,540,Cundle,4.5,4.5,Wolves,0,0.00,1,0.09,1,0.10,2,0.14,3,0.20,3,0.20,4,0.24,3,0.22,0.00
F,541,Cunha,6.5,6.5,Wolves,77,3.56,75,3.85,71,2.90,71,3.10,71,3.23,70,2.69,70,3.05,71,3.45,0.00
D,542,Dawson,4.5,4.5,Wolves,24,0.72,27,0.66,32,0.74,30,0.62,33,0.98,35,0.67,37,0.85,35,1.17,0.00
D,543,Doherty,4.5,4.5,Wolves,25,0.91,30,0.97,33,0.97,35,0.97,35,1.26,36,0.90,36,1.08,38,1.50,0.00
M,544,Doyle,5.0,5.0,Wolves,14,0.66,15,0.73,16,0.74,16,0.74,16,0.73,17,0.74,18,0.81,18,0.85,0.00
F,545,Fábio Silva,5.0,5.0,Wolves,6,0.43,8,0.56,9,0.49,10,0.58,10,0.59,11,0.53,11,0.57,11,0.63,0.00
F,546,Fraser,4.5,4.5,Wolves,0,0.00,0,0.00,0,0.00,0,0.00,0,0.00,0,0.00,0,0.00,0,0.00,0.00
M,547,Gonzalez,4.5,4.5,Wolves,0,0.00,0,0.00,0,0.00,0,0.00,0,0.00,0,0.00,0,0.00,0,0.00,0.00
M,548,Guedes,5.4,5.4,Wolves,5,0.34,6,0.42,7,0.43,7,0.45,8,0.48,9,0.48,9,0.52,10,0.58,0.00
D,549,H.Bueno,4.5,4.5,Wolves,0,0.00,0,0.00,0,0.00,0,0.00,0,0.00,0,0.00,0,0.00,0,0.00,0.00
M,550,Hee Chan,6.5,6.5,Wolves,76,3.67,72,3.76,70,2.96,69,3.09,67,3.28,67,2.65,66,2.94,66,3.37,0.00
M,551,Hodge,4.5,4.5,Wolves,0,0.00,0,0.00,0,0.00,0,0.00,0,0.00,0,0.00,0,0.00,0,0.00,0.00
D,552,Hoever,4.0,4.0,Wolves,0,0.00,0,0.00,0,0.00,0,0.00,0,0.00,0,0.00,0,0.00,0,0.00,0.00
M,553,J.Gomes,5.0,5.0,Wolves,87,2.38,81,2.29,82,2.06,81,2.09,80,2.21,79,1.91,76,1.98,74,2.15,0.00
G,554,José Sá,4.5,4.5,Wolves,94,3.35,93,3.06,92,3.07,91,2.94,91,3.28,91,2.97,91,3.10,91,3.34,0.00
F,555,Kalajdžić,5.0,5.0,Wolves,0,0.00,0,0.00,0,0.00,0,0.00,0,0.00,0,0.00,0,0.00,0,0.00,0.00
G,556,King,4.0,4.0,Wolves,0,0.00,0,0.00,0,0.00,0,0.00,0,0.00,0,0.00,0,0.00,0,0.00,0.00
M,557,Mario Jr.,5.0,5.0,Wolves,87,2.58,84,2.50,81,2.18,79,2.18,77,2.35,78,2.03,78,2.15,77,2.39,0.00
D,558,Mosquera,4.0,4.0,Wolves,88,2.49,84,1.96,84,1.82,82,1.61,81,2.38,81,1.50,78,1.76,79,2.65,0.01
D,559,N.Semedo,4.5,4.5,Wolves,88,2.50,84,1.99,82,1.77,82,1.65,81,2.39,80,1.47,80,1.81,79,2.65,0.00
M,560,Neto,6.5,6.5,Chelsea,28,1.85,21,1.29,21,1.36,24,1.60,29,2.02,26,1.32,27,1.79,27,1.55,0.00
D,561,Pedro Lima,4.0,4.0,Wolves,0,0.00,0,0.00,0,0.00,0,0.00,0,0.00,0,0.00,0,0.00,0,0.00,0.00
M,562,Podence,5.5,5.5,Wolves,8,0.47,9,0.56,10,0.53,12,0.62,11,0.61,13,0.61,13,0.64,13,0.71,0.00
M,563,R.Gomes,5.5,5.5,Wolves,25,1.20,26,1.29,27,1.17,29,1.24,28,1.27,28,1.14,30,1.26,30,1.41,0.00
D,564,S.Bueno,4.5,4.5,Wolves,54,1.50,56,1.22,53,1.12,55,1.06,55,1.55,55,0.98,56,1.22,55,1.74,0.00
M,565,Sarabia,5.4,5.4,Wolves,34,1.88,34,2.04,34,1.64,34,1.76,35,1.86,34,1.57,33,1.69,34,1.90,0.00
F,566,Strand Larsen,5.5,5.5,Wolves,48,2.30,50,2.57,49,2.07,49,2.09,50,2.33,49,1.93,48,2.14,49,2.40,0.00
D,567,Toti,4.5,4.5,Wolves,89,2.38,87,1.84,84,1.69,84,1.52,81,2.27,81,1.40,80,1.69,80,2.50,0.00
G,568,Muric,4.4,4.4,Ipswich,93,3.34,93,3.05,91,3.26,92,3.06,91,3.05,90,3.35,90,3.12,89,3.30,0.00
M,569,Jaden,5.4,5.4,Aston Villa,10,0.60,10,0.62,12,0.77,12,0.73,13,0.76,13,0.73,13,0.83,13,0.66,0.00
M,570,A.Fatawu,5.5,5.5,Leicester,73,3.00,70,2.80,70,3.38,68,2.18,66,3.06,68,3.12,65,3.11,65,3.05,0.00
M,571,Sávio,6.5,6.5,Man City,33,2.04,33,2.22,31,1.63,34,2.02,35,2.38,37,2.25,36,2.70,36,2.14,0.00
D,572,Yoro,4.4,4.4,Man Utd,0,0.00,0,0.00,0,0.00,0,0.00,0,0.00,0,0.00,0,0.00,1,0.04,0.00
D,573,Milenković,4.5,4.5,Nott'm Forest,83,3.03,80,1.19,78,1.71,78,2.80,76,1.25,76,2.44,73,2.33,72,2.29,0.00
D,574,Pivas,4.0,4.0,Newcastle,0,0.00,0,0.00,0,0.00,0,0.00,0,0.00,0,0.00,0,0.00,0,0.00,0.00
D,575,Wiley,4.0,4.0,Chelsea,0,0.00,0,0.00,0,0.00,0,0.00,0,0.00,0,0.00,0,0.00,0,0.00,0.00
M,576,Irving,5.0,5.0,West Ham,3,0.17,5,0.27,6,0.30,7,0.32,8,0.43,8,0.36,9,0.41,8,0.37,0.00
M,577,Lindstrøm,5.4,5.4,Everton,0,0.00,0,0.00,0,0.00,0,0.00,0,0.00,1,0.09,0,0.00,0,0.00,0.00
D,578,Calafiori,5.9,5.9,Arsenal,33,1.56,49,1.79,59,1.69,60,3.38,58,3.30,58,2.54,57,2.17,57,2.24,0.00
D,579,Sessegnon,4.4,4.4,Fulham,15,0.69,17,0.75,19,0.77,21,0.84,23,0.53,24,0.97,25,1.03,25,1.20,0.00
D,580,Huijsen,4.5,4.5,Bournemouth,19,0.74,18,0.60,23,0.51,25,1.11,24,0.94,26,0.70,29,0.82,29,0.73,0.00
G,581,Jørgensen,4.5,4.5,Chelsea,2,0.07,4,0.13,6,0.21,9,0.33,10,0.42,11,0.37,12,0.43,12,0.41,0.00
D,582,O'Brien,4.9,4.9,Everton,50,1.71,39,0.91,16,0.55,13,0.44,12,0.37,15,0.54,14,0.51,13,0.44,0.00
D,583,Townsend,4.0,4.0,Ipswich,8,0.30,10,0.29,10,0.35,8,0.27,8,0.24,8,0.30,9,0.30,8,0.32,0.00
M,584,Brereton Díaz,5.5,5.5,Southampton,73,3.60,70,3.56,68,4.47,65,3.13,65,2.35,65,4.13,64,2.31,65,3.89,0.03
M,585,I.Sarr,5.9,5.9,Crystal Palace,52,2.33,57,3.48,56,3.04,56,2.93,55,2.61,55,2.81,54,2.83,53,2.77,0.00
D,586,J.Cuenca,4.5,4.5,Fulham,2,0.08,4,0.15,5,0.17,7,0.26,7,0.17,8,0.27,10,0.35,10,0.40,0.00
M,587,Summerville,5.9,5.9,West Ham,16,0.79,17,1.02,18,1.06,19,1.13,22,1.56,22,1.12,23,1.36,24,1.39,0.00
M,588,G.Rodríguez,5.0,5.0,West Ham,83,2.01,77,2.20,75,2.08,75,2.13,74,2.39,76,1.94,73,2.09,72,2.02,0.00
F,589,Füllkrug,6.9,6.9,West Ham,44,2.11,47,2.74,54,3.08,55,3.06,52,3.72,53,2.65,52,3.11,53,3.01,0.00
F,590,Osula,5.0,5.0,Newcastle,1,0.10,1,0.10,0,0.00,0,0.00,0,0.00,1,0.13,1,0.09,0,0.00,0.00
D,591,Todibo,4.5,4.5,West Ham,64,1.13,77,2.35,75,1.83,73,2.19,75,3.05,72,1.28,71,2.03,70,2.04,0.00
D,592,J.Araujo,4.5,4.5,Bournemouth,46,1.70,43,1.33,43,0.84,42,1.92,41,1.58,42,1.10,42,1.16,42,1.02,0.00
D,593,De Ligt,5.0,5.0,Man Utd,57,1.38,84,3.26,83,2.46,81,2.33,80,2.04,80,3.25,79,2.31,78,2.18,0.00
D,594,Mazraoui,4.5,4.5,Man Utd,81,2.23,57,2.59,35,1.35,28,1.09,29,1.02,29,1.42,29,1.15,30,1.16,0.00
M,595,Gruda,5.5,5.5,Brighton,20,0.90,26,1.61,31,1.80,29,1.37,32,1.65,32,1.57,31,1.82,32,1.40,0.00
M,596,Jota Silva,6.0,6.0,Nott'm Forest,0,0.00,0,0.00,0,0.00,0,0.00,0,0.00,0,0.00,0,0.00,0,0.00,0.00
M,597,Lewis-Skelly,4.5,4.5,Arsenal,0,0.00,0,0.00,0,0.00,0,0.00,0,0.00,0,0.00,0,0.00,0,0.00,0.00
D,598,Bogarde,4.0,4.0,Aston Villa,0,0.00,0,0.00,0,0.00,0,0.00,0,0.00,0,0.00,0,0.00,0,0.00,0.00
G,599,Dennis,4.0,4.0,Bournemouth,0,0.00,0,0.00,0,0.00,0,0.00,0,0.00,0,0.00,0,0.00,0,0.00,0.01
M,600,Ayari,5.0,5.0,Brighton,0,0.00,0,0.00,0,0.00,0,0.00,0,0.00,0,0.00,0,0.00,0,0.00,0.00
M,601,Moran,5.0,5.0,Brighton,0,0.00,0,0.00,0,0.00,0,0.00,0,0.00,0,0.00,0,0.00,0,0.00,0.00
M,602,Trevitt,4.5,4.5,Brentford,0,0.00,0,0.00,0,0.00,0,0.00,0,0.00,0,0.00,0,0.00,0,0.00,0.00
M,603,Armstrong,4.5,4.5,Everton,0,0.00,0,0.00,0,0.00,0,0.00,0,0.00,0,0.00,0,0.00,0,0.00,0.00
M,604,King,4.5,4.5,Fulham,0,0.00,0,0.00,0,0.00,0,0.00,0,0.00,0,0.00,0,0.00,0,0.00,0.00
M,605,Godo,4.5,4.5,Fulham,0,0.00,0,0.00,0,0.00,0,0.00,0,0.00,0,0.00,0,0.00,0,0.00,0.00
M,606,Alves,4.5,4.5,Leicester,0,0.00,0,0.00,0,0.00,0,0.00,0,0.00,0,0.00,0,0.00,0,0.00,0.00
M,607,O’Reilly,5.0,5.0,Man City,0,0.00,0,0.00,0,0.00,0,0.00,0,0.00,0,0.00,0,0.00,0,0.00,0.00
M,608,Dibling,4.5,4.5,Southampton,3,0.22,3,0.22,3,0.23,4,0.30,3,0.21,3,0.26,4,0.27,5,0.37,0.00
F,609,Lankshear,4.5,4.5,Spurs,0,0.00,0,0.00,0,0.00,0,0.00,0,0.00,0,0.00,0,0.00,0,0.00,0.00
M,610,Moore,4.5,4.5,Spurs,0,0.00,0,0.00,0,0.00,0,0.00,0,0.00,0,0.00,0,0.00,0,0.00,0.00
M,611,Szmodics,6.0,6.0,Ipswich,64,3.54,71,3.03,68,3.53,65,3.13,61,2.91,62,3.39,60,2.81,58,3.46,0.00
M,612,Odobert,5.5,5.5,Spurs,20,1.18,21,1.09,22,1.40,22,1.19,24,1.29,25,1.60,26,1.36,26,1.46,0.00
M,613,Collyer,4.5,4.5,Man Utd,0,0.00,0,0.00,0,0.00,0,0.00,0,0.00,0,0.00,0,0.00,0,0.00,0.00
M,614,Metcalfe,4.5,4.5,Everton,0,0.00,0,0.00,0,0.00,0,0.00,0,0.00,0,0.00,0,0.00,0,0.00,0.00
G,615,Rushworth,4.0,4.0,Brighton,2,0.06,0,0.00,0,0.00,0,0.00,0,0.00,0,0.00,0,0.00,0,0.00,0.00
D,616,Nelson,4.0,4.0,Leicester,0,0.00,0,0.00,0,0.00,0,0.00,0,0.00,0,0.00,0,0.00,0,0.00,0.00
F,617,Evanilson,6.0,6.0,Bournemouth,80,4.13,73,3.94,65,2.82,62,4.01,60,3.41,59,2.56,59,2.77,61,2.53,0.00
M,618,Georginio,5.5,5.5,Brighton,27,1.18,23,1.58,26,1.69,24,1.23,26,1.53,25,1.41,24,1.59,26,1.28,0.00
M,619,Cajuste,4.5,4.5,Ipswich,23,0.97,33,1.15,33,1.27,33,1.22,33,1.21,33,1.34,32,1.18,34,1.37,0.00
M,620,Sosa,5.5,5.5,Nott'm Forest,0,0.00,0,0.00,0,0.00,0,0.00,0,0.00,0,0.00,0,0.00,0,0.00,0.00
M,621,João Félix,6.5,6.5,Chelsea,40,2.66,54,3.31,54,3.36,53,3.51,52,3.87,53,2.61,51,3.55,51,2.94,0.00
M,622,Berge,5.0,5.0,Fulham,54,1.83,78,2.48,77,2.42,74,2.26,73,1.81,72,2.22,72,2.24,70,2.37,0.00
M,623,M.Fernandes,5.0,5.0,Southampton,0,0.00,0,0.00,0,0.00,0,0.00,0,0.00,0,0.00,0,0.00,0,0.00,0.00
G,624,Begovic,4.0,4.0,Everton,0,0.00,0,0.00,3,0.13,3,0.09,3,0.09,4,0.14,3,0.12,3,0.12,0.00
M,625,Gündogan,6.5,6.5,Man City,50,2.51,53,2.99,50,2.28,50,2.60,49,3.05,50,2.76,48,3.29,49,2.57,0.00
D,626,Kaboré,4.5,4.5,Man City,2,0.08,1,0.06,2,0.10,3,0.14,4,0.21,5,0.23,4,0.22,5,0.23,0.00
D,627,Dixon,4.0,4.0,Everton,0,0.00,0,0.00,0,0.00,0,0.00,0,0.00,0,0.00,0,0.00,0,0.00,0.00
D,10001,Josh Wilson-Esbrand,99.9,99.9,Man City,0,0.00,0,0.00,0,0.00,0,0.00,0,0.00,0,0.00,0,0.00,0,0.00,0.00
M,10011,Malick Junior Yalcouyé,99.9,99.9,Brighton,0,0.00,0,0.00,0,0.00,0,0.00,0,0.00,0,0.00,0,0.00,0,0.00,0.00
G,10039,Billy Crellin,99.9,99.9,Everton,0,0.00,0,0.00,0,0.00,0,0.00,0,0.00,0,0.00,0,0.00,0,0.00,0.00
G,10068,Mark Gillespie,99.9,99.9,Newcastle,0,0.00,0,0.00,0,0.00,0,0.00,0,0.00,0,0.00,0,0.00,0,0.00,0.00
D,10069,Harrison Ashby,99.9,99.9,Newcastle,0,0.00,0,0.00,0,0.00,0,0.00,0,0.00,0,0.00,0,0.00,0,0.00,0.00
D,10070,Ed Turns,99.9,99.9,Brighton,0,0.00,0,0.00,0,0.00,0,0.00,0,0.00,0,0.00,0,0.00,0,0.00,0.00
M,10075,Jensen Weir,99.9,99.9,Brighton,0,0.00,0,0.00,0,0.00,0,0.00,0,0.00,0,0.00,0,0.00,0,0.00,0.00
G,10076,Matthew Cox,99.9,99.9,Brentford,0,0.00,0,0.00,0,0.00,0,0.00,0,0.00,0,0.00,0,0.00,0,0.00,0.00
M,10077,Paris Maghoma,99.9,99.9,Brentford,0,0.00,1,0.07,2,0.09,2,0.13,2,0.14,2,0.09,2,0.10,2,0.09,0.00
M,10083,Daniel Gore,99.9,99.9,Man Utd,0,0.00,0,0.00,0,0.00,0,0.00,0,0.00,0,0.00,0,0.00,0,0.00,0.00
M,10086,Chem Campbell,99.9,99.9,Wolves,0,0.00,0,0.00,0,0.00,0,0.00,0,0.00,0,0.00,0,0.00,0,0.00,0.00
M,10087,Gavin Kilkenny,99.9,99.9,Bournemouth,0,0.00,1,0.09,1,0.07,1,0.10,2,0.15,2,0.15,3,0.17,2,0.11,0.00
G,10088,Harry Tyrer,99.9,99.9,Everton,0,0.00,0,0.00,0,0.00,0,0.00,0,0.00,0,0.00,0,0.00,0,0.00,0.00
G,10093,Vitezslav Jaros,99.9,99.9,Liverpool,0,0.00,0,0.00,0,0.00,0,0.00,0,0.00,0,0.00,0,0.00,0,0.00,0.00
D,10098,Imari Samuels,99.9,99.9,Brighton,0,0.00,0,0.00,0,0.00,0,0.00,0,0.00,0,0.00,0,0.00,0,0.00,0.00
M,10107,Tino Anjorin,99.9,99.9,Chelsea,0,0.00,0,0.00,0,0.00,0,0.00,0,0.00,0,0.00,0,0.00,0,0.00,0.00
D,10110,Harry Amass,99.9,99.9,Man Utd,4,0.14,3,0.14,2,0.08,0,0.00,0,0.00,0,0.00,0,0.00,0,0.00,0.00
F,10112,Ethan Wheatley,99.9,99.9,Man Utd,0,0.00,0,0.00,0,0.00,0,0.00,0,0.00,0,0.00,0,0.00,0,0.00,0.00
D,10120,Ferdi Kadıoğlu,99.9,99.9,Brighton,31,0.70,27,1.35,38,1.69,35,0.91,37,1.22,38,1.09,35,1.58,37,0.78,0.00
F,10122,Victor Osimhen,99.9,99.9,Chelsea,13,0.89,27,1.61,26,1.57,24,1.57,23,1.65,25,1.23,24,1.59,25,1.40,0.00
G,10127,Killian Cahill,99.9,99.9,Brighton,0,0.00,0,0.00,0,0.00,0,0.00,0,0.00,0,0.00,0,0.00,0,0.00,0.00
D,10129,Zach Abbott,99.9,99.9,Nott'm Forest,0,0.00,0,0.00,0,0.00,0,0.00,0,0.00,0,0.00,0,0.00,0,0.00,0.00
M,10130,Mateus Fernandes,99.9,99.9,Southampton,4,0.16,3,0.12,4,0.17,5,0.18,6,0.21,5,0.22,6,0.20,7,0.27,0.00
M,10131,Mikel Merino,99.9,99.9,Arsenal,6,0.33,28,1.24,29,1.08,30,1.76,32,1.88,33,1.57,34,1.51,35,1.58,0.00
G,10134,Louie Moulden,99.9,99.9,Crystal Palace,0,0.00,0,0.00,0,0.00,0,0.00,0,0.00,0,0.00,0,0.00,0,0.00,0.00
F,10135,Jack Clarke,99.9,99.9,Ipswich,0,0.00,0,0.00,0,0.00,0,0.00,0,0.00,0,0.00,0,0.00,0,0.00,0.00
D,10136,Dara O'Shea,99.9,99.9,Ipswich,71,2.12,72,1.41,66,1.74,67,1.54,65,1.31,63,2.07,66,1.56,65,2.21,0.00